Y,X1,X2,X3,X4,X5,X6,X7,X8,X9,X10,X11,X12,X13,X14,X15,X16,X17,X18,X19,X20,X21,X22,X23,X24,X25,X26,X27,X28,X29,X30,X31,X32,X33,X34,X35,X36,X37,X38,X39,X40,X41,X42,X43,X44,X45,X46,X47,X48,X49,X50,X51,X52,X53,X54,X55,X56,X57,X58,X59,X60,X61,X62,X63,X64,X65,X66,X67,X68,X69,X70,X71,X72,X73,X74,X75,X76,X77,X78,X79,X80,X81,X82,X83,X84,X85,X86,X87,X88,X89,X90,X91,X92,X93,X94,X95,X96,X97,X98,X99,X100,X101,X102,X103,X104,X105,X106,X107,X108,X109,X110,X111,X112,X113,X114,X115,X116,X117,X118,X119,X120,X121,X122,X123,X124,X125,X126,X127,X128,X129,X130,X131,X132,X133,X134,X135,X136,X137,X138,X139,X140,X141,X142,X143,X144,X145,X146,X147,X148,X149,X150,X151,X152,X153,X154,X155,X156,X157,X158,X159,X160,X161,X162,X163,X164,X165,X166,X167,X168,X169,X170,X171,X172,X173,X174,X175,X176,X177,X178,X179,X180,X181,X182,X183,X184,X185,X186,X187,X188,X189,X190,X191,X192,X193,X194,X195,X196,X197,X198,X199,X200,X201,X202,X203,X204,X205,X206,X207,X208,X209,X210,X211,X212,X213,X214,X215,X216,X217,X218,X219,X220,X221,X222,X223,X224,X225,X226,X227,X228,X229,X230,X231,X232,X233,X234,X235,X236,X237,X238,X239,X240,X241,X242,X243,X244,X245,X246,X247,X248,X249
1,6,2.18,237.57,131.67,2.75,14.07,4.5,3.26,5.04,1.92,1.4,5.23,8.45,10.18,6.82,6.28,6.04,5.56,4.95,7.41,4.07,3.68,3.52,121,139,150,124,121,91,101,96,120,98,84,119,12.46,1.11,2.38,98.62,0.36,0.52,1.81,0.51,1.06,0.07,1.14,1.13,1.18,1.4,1.75,2,1.95,1.73,1.51,1.3,1.19,1.15,55.18,0.34,0.14,0.3,0.14,54.26,13.8,0.26,58.81,0.07,30.7,63.87,67,45.28,46.1,33.92,26.86,22.64,77.07,34.38,15.24,24.14,210.92,45.14,30.54,5.42,2.02,19.86,0.35,15.83,36.55,32.31,36.8,11.31,16.29,25.06,13.25,9.91,64.87,14.67,19.18,27.29,58.5,27.18,19,15.18,9.09,19.18,10.27,3.5,0.59,0.78,0.79,0.82,1.15,2.56,58.59,59.09,57.72,58.74,54.5,0.36,0.38,0.53,0.62,0.39,8.21,52.46,0,0,0,177.41,100.55,55.98,19.32,10.32,133.57,94.5,80.06,61.57,43.74,81.5,25.72,8.88,2.74,4.06,33.14,25.39,3.75,3.07,4.41,61.77,45,2.17,154.71,0.14,26.11,0.38,349.66,55.29,0.17,0.01,93.82,63.74,0.25,8.26,438.03,2.02,734.57,0.2,0.35,0.11,81.55,22.06,482.52,419.75,371.7,786,846.2,524.41,486.34,443.12,375.89,320.91,864.04,345.07,232.9,224.62,155,172,182,158,158,118,128,123,151,133,115,155,128.52,439.97,42.11,54.7,146.01,258.69,326.47,413.21,161.43,57,37.45,16.9,13.86,14.69,239,246,223,169,227,265,235,204,182,197,181,228,3.1,373,2.29,4.5,5.5,4.21,3.86,3.43,2.6,2.15,4.31,1.5,1.47,1.53,258,251,216,225,255,237,228,222,236,234,207,290
3,5.72,1.08,213.86,161.8,5.3,104.04,33.62,21.36,13.61,6.65,4.87,2.55,3.37,5.18,6.36,5.37,6.83,8.13,7.94,9.89,4.91,5.46,2.61,182,159,166,146,159,157,158,170,174,157,168,172,5.97,1.01,2.04,77.36,0.15,1.26,1.05,0.35,0.81,0.02,0.14,0.15,0.17,0.27,0.24,0.26,0.23,0.26,0.21,0.18,0.16,0.15,57.4,0.11,0.02,0.09,0.02,66.13,2.04,0.05,48.4,0.02,23.11,27.02,36.18,41.48,38.38,44.47,59.45,65.35,72.06,34.25,38.58,21.83,92.16,85.82,55.01,13.74,5.11,11.43,-0.18,25.75,65.58,46.84,40.13,22.92,22.93,27.6,24.69,13.59,40.47,97.5,27.86,23.5,115.5,68.41,25.05,28.73,24.55,27.86,14.23,3.23,0.77,0.1,0.11,0.12,0.27,1.88,50.32,46.51,49.66,76.72,41.8,0.09,0.11,0.25,0.24,0.13,6.27,29.51,0,0,0,114.65,69.5,40.63,16.35,9.81,52.85,49.73,48.97,43.32,35.86,106.1,37.6,15.13,2.35,3.19,12.26,7.11,3.99,2.79,3.11,22.32,78.86,2.06,286.88,0.26,38.55,0.56,342.4,59.54,0.17,0,241.89,60.19,0.25,11.65,172.62,2.81,258.77,0.19,1.36,0.51,98.27,20.63,290.66,347.32,120.6,145.62,246.87,330.23,304.2,364.88,438.72,404.24,502.77,228.58,264.06,134.12,323,308,257,241,276,261,273,292,286,258,281,302,42.43,292.72,12.93,16.45,32.58,39.43,86.78,90.34,89.32,41.97,39.91,22.66,23.33,11.91,194,181,157,120,187,165,151,110,131,129,142,190,1.72,199.11,0.74,0.92,1.56,2.22,2.19,2.55,2.25,2.11,2.52,1.34,1.5,0.73,225,235,161,142,175,162,157,166,166,159,164,217
5.5,9.77,3.34,192.54,138.72,2.93,45.08,12.61,7.77,7.07,3.29,2.43,7.36,11.11,14.12,11.12,9.69,9.77,9.73,9.97,13.89,7.42,7.36,5.93,129,132,138,109,118,101,113,103,122,106,92,124,10.53,1.19,2.48,89.62,0.27,0.7,1.55,0.45,0.98,0.05,0.59,0.65,0.82,1.36,1.22,1.41,1.23,1.36,1.12,0.9,0.89,0.74,78.68,0.11,0.04,0.11,0.05,73.61,4.12,0.16,90.65,0.03,36.66,62.69,73.86,52.04,52.93,47.36,41.69,41.42,98.6,43.36,25.99,33.34,170.23,41.33,30.36,7.23,2.79,16.88,0.32,13.4,49.65,40.81,38.29,11.26,14.35,20.38,14.07,8.32,48.71,38.12,13.73,28.19,81.36,35.86,16.09,13.41,8.64,13.73,8.86,2.5,0.59,0.39,0.41,0.45,0.95,3.99,91.74,91.38,86.96,90.48,57.5,0.12,0.13,0.28,0.36,0.16,11.05,39.81,0,0,0,182.42,128.35,80.58,30.17,16.36,130.45,90.72,75.06,55.28,39.58,54.55,24.09,9.02,2.55,6.1,16.96,11.01,5.99,4.25,6.25,48.06,57.82,3.08,161.75,0.14,25.75,0.46,358.34,66.76,0.17,0.02,111.99,70.91,0.24,7.93,412.73,2.59,507.06,0.25,0.27,0.2,59.41,22.32,718.28,292.81,462.9,871.11,1012.38,791.76,695.6,709.74,675.07,680.79,1345.61,557.89,487.27,357.52,165,168,161,136,152,134,141,129,152,143,125,163,64.93,289.96,41.49,43.04,86.56,103.1,142.19,131.26,72.28,39.94,46.44,24.77,25.78,21.87,157,157,141,115,166,151,130,108,121,111,103,167,2.59,229.63,1.87,2.98,4.12,3.24,3.11,2.85,2.32,2.12,3.72,1.62,1.73,1.44,172,167,149,128,159,137,148,132,147,134,118,196
4.5,0.7,0.13,257.25,178.36,5.38,41.96,11.16,6.24,12.64,4.52,2.76,0.5,0.73,0.9,0.67,0.64,0.77,0.83,0.6,1.11,0.58,0.64,0.41,171,150,172,174,163,173,208,179,188,185,175,172,12.36,1.11,2.34,90.18,0.29,1.07,1.41,0.4,0.77,-0.01,0.08,0.08,0.08,0.09,0.1,0.09,0.08,0.06,0.05,0.05,0.05,0.07,60.22,0.3,0.06,0.31,0.06,77.14,5.52,0.12,51.38,0.05,4.37,5.92,6.66,5.58,5.87,6.74,8.9,4.97,12.08,5.5,5.47,3.97,131.23,115.3,66.24,12.95,3.29,23.97,0.86,30.3,68.34,51.2,46.39,28.4,28.96,34.37,29.28,12.05,73.3,42.21,26.68,22.71,90.77,56.77,23.86,27,23.45,26.68,12.41,4.27,0.55,0.03,0.03,0.04,0.07,0.29,57.51,59.95,50.16,46.63,49.97,0.24,0.31,0.55,0.54,0.31,6.12,46.09,0,0,0,19.36,10.68,5.75,2.14,1.17,108.45,82.75,70.96,61.21,46.11,151.72,45.06,16.77,2.46,3.26,12.25,8.15,3.34,2.4,3.24,37.25,65.14,2.06,263.57,0.78,78.67,0.42,282.93,45.02,0.17,0.01,244.3,63.93,0.31,1.62,246.12,0.39,386.51,0.19,1.04,0.25,86.91,21.08,2199.88,515.42,1439.09,2308.01,3268.72,2363.59,2557.16,2200.51,1612.29,1207.87,4496.61,1922.12,1947.22,1156.07,426,354,339,376,375,373,414,363,366,369,373,432,3.06,517.83,1.46,2.02,2.65,1.97,9.83,7.12,1.82,1.35,3.33,1.9,2.04,1.2,264,219,214,239,306,277,280,235,230,231,236,280,0.48,368.39,0.33,0.61,0.82,0.5,0.52,0.44,0.31,0.24,0.95,0.4,0.37,0.23,295,271,229,265,270,262,289,245,250,259,257,310
2,3.92,1.41,187.82,131.41,2.78,18.05,6.72,4.47,5.89,2.78,1.95,3.11,4.51,5.78,4.43,4.29,4.96,3.8,2.28,5.04,2.98,3.5,2.48,116,111,120,105,99,101,111,73,96,106,102,114,13.11,1.11,2.54,93,0.39,0.79,1.34,0.47,0.82,-0.01,0.6,0.59,0.67,0.89,1.01,1.03,0.97,0.81,0.72,0.67,0.63,0.62,49.91,0.3,0.11,0.3,0.12,40.75,11.05,0.23,35,0.08,15.76,25.77,25.43,19.65,19.65,22.61,22.71,8.39,37.88,15.79,14.99,12.94,179.3,30.51,26.44,6.24,2.51,21.24,0.78,14.98,42.81,34.16,32.22,10.36,13.23,19.88,12.38,9.45,58.27,58,15.14,26.84,75.23,30.14,16.73,14.14,8.95,15.14,9.64,3.05,0.64,0.39,0.4,0.42,0.58,1.69,35.26,34.97,37.23,46.63,42.95,0.28,0.3,0.41,0.56,0.35,9.25,36.95,0,0,0,72.75,49.6,31.44,12.65,6.8,140.97,92.19,72.94,59.5,43.31,51.76,22.37,9,2.63,5.6,16.13,10.68,5.26,3.33,5.68,37.38,48.8,3.17,209.57,0.18,30.71,0.33,355.66,53.13,0.17,0.01,84.6,77.4,0.15,3.82,387.52,1.02,542.47,0.21,0.23,0.12,65.55,21.04,1057.21,292.52,784.87,1279.46,1647.69,1144.11,1086.96,1386.23,988.91,472.09,1756.44,706.04,912.45,571.99,171,147,157,156,146,148,172,138,147,164,148,169,56.83,243.65,37.57,38.28,69.03,69.89,132.9,119.53,27.31,5.86,15.7,48.82,74.09,43.07,190,167,136,143,165,202,196,197,185,176,166,194,3.75,293.69,2.61,4.6,5.81,4.04,6.62,6.18,3.45,1.31,4.39,1.95,2.48,1.71,209,205,175,193,202,195,230,222,216,212,193,246
9,15.29,7.14,157.4,116.49,2.14,23.52,8.12,5.25,4.81,2.46,1.83,10.23,14.97,19.45,17.65,15.55,15.85,15.89,17.05,22.75,13.02,12.32,8.99,99,99,111,87,96,81,94,85,102,88,76,92,9.58,1.01,2.23,81.07,0.23,0.78,1.35,0.35,0.88,0.04,1.41,1.58,2.19,3.45,3.06,3.49,2.79,3.47,2.9,2.45,2.37,1.96,69.6,0.14,0.07,0.13,0.08,63.31,7.08,0.25,67.79,0.05,39.31,61.37,79.56,62.1,64.06,57.92,54.73,56.48,139.68,57.29,36.3,34.47,189.14,20.53,16.76,5.02,2.25,16.64,0.85,11.31,36.59,27.12,24.19,7.18,9.78,15.07,8.82,7.73,40.17,25.88,11.82,33.1,65.45,21.59,13.95,10.55,5.32,11.82,8.27,2.41,0.73,1.04,1.07,1.15,2.03,6.8,67.62,67.43,64.76,73.7,51.9,0.15,0.16,0.28,0.43,0.21,11.43,39.61,0,0,0,216.79,155.9,110.51,44.4,24.87,160.32,98.52,77,53.41,36.46,30.36,15.48,6.22,2.4,7.35,23.05,12.42,6.33,4.09,7.28,49.13,48.02,3.36,160.38,0.17,28.02,0.55,363.52,58.37,0.17,0.02,146.9,67.26,0.24,8.44,496.8,2.97,665.6,0.26,0.19,0.15,53.36,22.57,1700.5,316.59,937.23,1545.23,2176.88,2208.81,1930.15,1390.49,2162.8,1583.1,3178.69,1533.56,1039.25,738.96,195,204,197,182,195,174,195,203,211,197,180,229,94.64,308.26,32.73,47.47,87.01,129.52,224.03,187.01,148.33,86.66,84.74,40.35,40.22,25.52,169,167,149,118,186,156,142,125,129,128,121,183,3.33,225.67,1.9,3.03,4.47,4.34,3.85,3.76,3.24,3.42,5.23,2.44,2.75,1.6,199,189,166,144,178,154,164,159,162,162,149,227
2,4.26,0.29,288.5,218.87,14.69,1381.47,117.14,42.41,35.23,11.33,6.71,4.7,7.3,8.84,4.45,3.87,3.72,3.34,2.9,4.96,2.01,2.31,2.95,178,177,181,193,200,188,189,182,189,168,145,186,16.4,1.98,3.96,124.84,0.58,0.52,2.04,0.64,1.4,0.09,0.11,0.1,0.12,0.15,0.19,0.23,0.23,0.21,0.17,0.14,0.12,0.12,181.15,0.05,0.01,0,0.01,205.93,0.76,0.06,254.54,0,30.88,51.64,57.93,35.93,36.67,29.15,25.06,21.09,58.61,19.81,14.32,27.16,168.06,517.89,224.17,35.25,6.87,15.94,0.73,15.87,369.38,302.12,280.34,88.69,91.79,101.85,101.76,8.36,61.03,166.1,15.23,33.79,123.36,86.68,13.64,15.55,15.18,15.23,8.86,5.36,0.59,0.04,0.04,0.04,0.16,1.03,244.33,248.55,266.64,186.58,91.35,0.14,0.14,0.54,0.16,0.03,8.82,60.43,16.64,163.47,0,127.73,84.02,48.7,16.66,8.55,113.57,86.85,74.28,60.02,44.04,434.01,165.48,56.61,3.1,5.58,18.33,32.05,8.46,5.63,5.65,77.37,52.98,2.41,177.86,0.44,54.53,0.43,64.88,80.72,0.17,0.01,83.84,67.6,0.25,7.1,350.52,1.85,458.16,0.2,0.49,0.42,92.14,25.66,657.97,453.48,396.62,1141.51,1556.02,770.19,798.89,581.94,643.62,365.06,794.7,432.5,150.98,295.19,268,265,260,307,300,293,312,292,318,304,273,306,79.19,336.21,70.48,43.34,152.82,196.22,186.42,83.27,107.76,28.62,33.52,12.85,12.29,19.87,193,180,185,188,201,225,231,207,195,206,186,210,3.52,358.83,2.97,5.3,7.06,3.9,4.09,3.24,2.83,2.08,5.6,1.5,1.67,2.21,213,216,205,236,268,273,262,253,266,277,230,268
4,35.19,19.79,136.9,90.39,1.78,7.43,3.55,2.75,2.98,1.43,1.07,38.13,43.98,61.18,32.6,28.8,33.46,32.8,34.34,44.36,23.03,23.48,26.72,75,77,89,60,54,46,50,55,57,35,36,58,6.03,0.97,2.23,79.34,0.27,0.57,1.39,0.36,1.04,0.08,11.28,11.4,12.9,14.11,14.05,15.68,14.49,14.99,14.86,13.25,12.59,13.15,42.48,0.44,0.26,0.4,0.26,41.05,25.59,0.44,41.03,0.14,137.05,173.71,232.85,93.57,84.54,95.55,108.18,128.86,161.08,65.59,47.79,87.62,125.57,21.27,15.98,3.45,1.68,9.39,-1.37,6.62,47.69,28.39,30.21,7.27,9.65,16.25,7.11,3.95,53.2,0,8.77,35.69,41.68,13.05,7.5,6.27,2.82,8.77,4.5,2.45,0.77,8.67,8.74,8.92,10.78,16.62,41.03,41.12,41.37,46.29,45.54,0.44,0.45,0.54,0.61,0.46,18.41,70.41,0,0,0,401.82,330.13,249.69,101.69,59.8,42.54,44.7,47.07,48.56,37.42,20.31,12.62,5.14,2.45,9.08,30.32,25.29,6.59,4.48,10.03,86.7,56.32,2.52,194.62,0.44,49.87,0.5,25.84,52.8,0.17,0.01,52.48,69.68,0.34,17.69,300.23,4.5,296.79,0.2,0.05,0.04,48.36,25.39,7938.7,226.4,8694.9,11881.57,18306.66,7466.76,6239.83,7310.47,6616.1,6907.87,9960.02,3827.18,3689.66,4601.23,117,113,129,89,83,74,79,87,89,60,67,102,189.22,269.03,134.71,136.23,321.33,341.98,428.78,301.7,206.46,77.87,116.22,72.54,66.68,63.79,172,152,155,136,182,171,153,144,146,157,163,186,10.49,305.53,9.27,15.93,26.47,10.11,8.63,11.4,8.62,8,13.9,3.66,4.65,5.67,214,193,185,191,227,211,204,212,210,207,188,240
3,41.58,24.95,122.28,88.87,1.67,10.07,4.56,3.41,2.97,1.69,1.32,28.71,34.56,50.27,45.45,39.14,44.6,47.63,50.85,62.45,35.56,34.46,25.27,74,77,82,72,75,68,78,81,89,73,68,66,5.88,0.81,1.65,66.16,0.16,0.81,1.13,0.36,0.61,0.04,7.47,7.85,11.15,14.67,12.03,14.63,11.92,14.84,13.75,11.24,10.7,9.83,54.06,0.23,0.15,0.21,0.16,57.55,14.68,0.35,44.72,0.11,94,129.42,178.18,161.77,156.61,151.59,178.59,199.89,250.92,126.37,106.84,80.94,93.93,13.58,11.68,3.3,1.86,9.79,-0.63,7.78,19.17,13.82,13.05,4.46,7.46,12.03,5.58,9.86,45.69,4,14.05,28.77,39.45,10.73,16.64,9.82,3.91,14.05,10.32,2.18,0.68,5.77,5.9,6.18,8.53,20.47,44.71,45.04,45.78,48.82,38.82,0.23,0.25,0.34,0.55,0.33,9.36,46.36,0,0,0,396.34,319.09,234.96,107.37,64.41,57.62,55.25,56.19,45.48,32.56,15.88,9.42,4.3,2.31,6.12,24.06,10.75,4.06,2.73,6.21,32.19,56.32,2.83,243.14,0.4,46.95,0.38,27.52,54.72,0.17,0.02,213.59,69.26,0.25,28.32,206.43,7.31,225.89,0.2,0.31,0.12,76.32,19.14,4946.6,173.08,3741.49,4670.48,6894.57,5277.95,4618.13,5265.86,5500.19,5658.6,7669.06,3608.14,3579.77,2915.52,107,104,112,103,116,108,119,120,135,111,109,110,388.95,322.89,101.56,141.02,337.41,433.41,1097.45,860.59,766.98,326.78,253.84,143.54,113.67,72.81,161,158,127,102,166,132,139,104,115,120,115,157,11.84,225.37,6.18,10.37,18.66,14.24,13.47,16.19,13.16,11.92,17.15,7.42,8.26,5.17,206,195,167,151,183,163,163,175,170,171,155,215
14,21.15,13.62,116.2,76.22,1.55,6.31,2.98,2.32,2.42,1.21,0.88,18.72,22.53,31.2,21.78,19.63,21.27,21.15,22.52,27.52,16.43,15.75,15.51,68,74,82,60,59,47,51,56,59,42,37,55,5.96,0.83,1.78,66.61,0.21,0.61,1.28,0.32,0.75,0.08,6.49,6.49,8.14,10.06,9.85,10.73,9.78,10.41,9.81,8.81,8.29,8.17,41.19,0.38,0.26,0.34,0.27,45.79,25.51,0.49,43.57,0.15,61.13,83.21,110.33,68.91,68.16,60.06,58.54,70.7,97.81,45.13,32.97,49.06,115.59,11.6,11.85,2.87,1.55,10.92,-0.1,5.96,27.46,17.68,15.49,5.05,7.92,12.4,5.67,5.86,55.27,0,9.23,37.98,32.36,9.05,9.77,6.23,2.95,9.23,6.41,2.23,0.59,5.26,5.34,5.5,6.84,11.53,43.6,43.96,44.94,45.59,39.01,0.39,0.4,0.5,0.67,0.46,13.46,55.18,0,0,0,203.58,165.13,124.47,53.97,32.66,66.41,53.59,52.3,44.03,34.33,14.95,9.14,3.96,2.29,8.82,25.84,18.49,5.44,2.83,9.52,55.98,64.18,3.03,200.25,0.41,47.66,0.47,23.12,49.99,0.17,0.02,98.94,76.35,0.24,8.48,316.63,2.66,340.21,0.24,0.06,0.05,53.95,24.53,3996.61,187.39,3177.02,4485.66,7447.39,4130.71,3571.59,4016.28,3912.49,3873.54,5663.95,2894.65,2472.9,2365.5,103,106,121,93,93,78,79,83,90,66,62,91,152.18,339.08,64.77,82.57,203.19,219.79,427.34,267.95,243.87,97.67,87.13,53.35,37.75,34.77,178,171,147,129,169,148,157,122,127,129,128,182,5.53,285.34,3.68,6.81,11.67,6.35,5.63,6.4,4.94,4.44,7.93,2.56,3.12,2.98,219,207,180,185,224,197,185,198,192,184,169,243
8.5,17.15,11.99,107.44,63.97,1.43,5.08,2.62,2.12,1.91,1.01,0.77,14.03,16.15,22.7,17.73,16.18,17.92,18.85,19.12,22.9,13.92,13.88,12.5,63,67,76,53,48,45,52,57,62,42,42,49,4.48,0.64,1.63,59.72,0.16,0.66,1.12,0.26,0.82,0.05,5.98,5.89,7,9.06,8.9,9.65,8.89,9.16,8.73,8.07,7.44,7.49,39.74,0.41,0.29,0.38,0.3,39.74,29.38,0.53,42.86,0.19,45.03,59.13,76.39,46.91,46.72,48.98,64.58,66.44,81.24,34.71,32.72,34.5,110.5,11.97,10.07,2.38,1.46,12.08,-0.58,6.23,22.68,14.79,11.98,4.62,7.48,11.53,4.61,5.95,61.21,0,11,31.49,23.14,8.59,9.68,5.68,2.64,11,6.5,2.41,0.86,5,5.06,5.2,6.21,10.09,42.87,43.05,43.83,42.74,35.08,0.42,0.43,0.52,0.69,0.47,14.28,52.57,0,0,0,161.49,125.05,93.29,40.13,25.72,57.15,47.58,48.26,44.98,35.4,13.47,7.78,3.35,2.14,7.15,28.47,20.49,4.26,3.09,7.88,72.63,64.23,2.23,273.88,0.42,49.13,0.57,8.84,54.34,0.17,0.01,314.45,77.9,0.25,7.22,318.05,2.11,308.71,0.23,0.06,0.05,55.73,26.85,1843.52,200.7,1363.61,1924.11,2943.05,1941.74,1737.36,2048.82,2259.47,1947.5,2749.47,1198.49,1079.94,950.09,124,124,134,108,107,105,121,123,141,105,117,133,106.99,379.9,40.51,51.64,118.43,121.78,309.65,213.62,192.72,77.38,64.38,37.77,29.09,22.07,205,166,156,127,195,160,168,126,132,141,142,192,3.51,284.94,1.96,3.54,6.65,4.14,3.48,4.35,3.85,3.32,5.08,1.82,2.35,1.61,247,212,197,183,222,207,202,213,202,197,189,260
3,7.68,0.82,261.41,201.82,9.37,369.32,57.76,29.78,25.16,8.55,5.71,8.31,12.74,15.69,7.71,6.61,6.89,6.08,5.7,9.56,3.87,3.97,5.4,150,144,154,148,163,144,153,141,157,135,115,151,17.86,1.91,3.98,128.11,0.56,0.47,2.2,0.73,1.46,0.16,0.17,0.19,0.31,0.46,0.37,0.39,0.33,0.34,0.3,0.26,0.23,0.26,176.7,0.07,0.01,0.05,0.01,152.13,0.98,0.07,193.61,0.01,42.73,71.8,80.64,42.92,44.99,40.13,32.69,30.1,103.69,33.71,17.79,35.66,226.47,161.85,118.22,25.23,5.9,16.44,1.43,12.72,260.29,228.31,192.18,50.43,56.37,58.17,57.75,7.86,58.77,143.81,12.55,34.68,118.68,79.55,12.14,12.36,12.55,12.55,8.36,2.91,0.68,0.09,0.09,0.1,0.29,1.96,186.12,194.49,186.06,183.61,94.41,0.11,0.12,0.36,0.2,0.07,9.45,63.3,4.41,252.91,0,205.03,137.38,86.82,30.1,15.16,152.97,100.53,81.09,64.52,47.87,251.02,106.29,36.85,3.19,6.73,23.2,19.24,9.79,6.45,6.97,77.67,47.25,3.05,147.12,0.32,42.3,0.56,85.39,69.81,0.18,0.01,80.68,71.26,0.24,11.06,448.03,2.2,771.27,0.16,0.41,0.26,72.68,21.89,1304.51,425.91,1090.86,2380.91,2935.37,1134.22,1251.33,1095.87,1108.24,755.22,1933.48,879.35,454.98,709.14,216,222,215,243,244,224,237,225,248,228,202,234,121.04,297.28,87.17,77.84,235.21,273.96,251.03,138.69,178.36,55.78,70.41,30.08,19.83,30.97,170,158,167,159,178,182,191,167,179,168,165,192,4.98,368.52,4.13,8.07,11.17,4.63,4.9,4.74,4.11,3.08,8.29,2.06,1.98,2.86,212,203,201,228,256,259,255,256,255,263,224,252
15,11.16,5.07,188.85,109.92,2.2,12.08,4.57,3.28,4.09,1.86,1.34,9.85,15.11,18.89,11.79,10.94,10.99,9.55,9.85,14.67,7.97,7,7.64,82,85,108,80,80,56,64,60,80,55,40,71,13.95,1.2,2.59,102.52,0.36,0.49,1.89,0.7,1.17,0.12,2.25,2.38,3.08,3.4,3.84,4.12,3.68,3.82,3.54,3.07,2.88,2.79,58.03,0.32,0.17,0.3,0.18,61.97,16.84,0.35,64.86,0.08,34.92,69.29,76.08,43.5,45.46,37.64,28.39,29.88,134.98,47.03,16.43,30.21,302.37,21.64,20.65,4.46,1.93,19.6,1.53,10.84,66.31,43.16,35.2,11.93,15.03,19.85,12.6,5,66.76,20,8.64,39.88,54.14,20.45,7.91,7.18,4.91,8.64,5.64,2.18,0.77,1.72,1.74,1.8,2.31,4.63,64.84,64.62,64.12,69.64,63.18,0.34,0.35,0.46,0.59,0.37,15.35,61.93,0,0,0,242.53,146.6,97.06,35.56,19.02,189.85,120.61,92.99,68.96,48.27,47.79,19.13,7.01,2.84,9.43,22.84,37.42,7.4,4.16,9.87,83.51,45.48,3.48,153.88,0.2,30.25,0.67,17.63,54.59,0.17,0.02,91.89,71.38,0.24,7.51,791.07,2.02,1342.04,0.21,0.06,0.06,43.36,26.89,2002.85,379.83,1473,2743.61,4005.21,1993.57,1774.46,1491.62,1448.56,1355.62,4352.28,1524.99,869.18,1089.35,115,116,144,118,121,82,96,93,122,81,62,108,67,280.93,30.04,51.56,108.89,148.52,126.34,100.7,91.91,34.63,51.49,26.25,15.23,18.6,158,154,149,132,143,125,127,131,156,133,115,177,3.4,446.65,2.14,5.61,9.01,3.27,2.89,2.66,2.3,2.04,6.29,1.82,1.5,1.42,226,240,217,213,253,228,227,227,229,234,191,271
9,9.53,4.27,192.92,111.08,2.23,11.5,4.47,3.24,4.07,1.86,1.36,8.46,12.84,15.88,10.02,9.22,9.46,8.37,8.48,12.57,6.8,6.09,6.49,85,90,111,83,81,60,69,64,86,58,42,73,13.79,1.18,2.63,100.28,0.38,0.5,1.8,0.63,1.13,0.11,1.94,2,2.51,2.82,3.16,3.43,3.07,3.2,2.93,2.62,2.45,2.38,53.6,0.34,0.17,0.32,0.18,61.27,17.36,0.34,60.31,0.08,31.2,65.04,67.04,38.33,41.47,34.19,27.49,27.7,118.77,42.49,15.85,25.59,291.75,25.27,20.95,4.45,1.97,21.59,1.12,11.5,61.07,41.69,33.53,11.84,15.41,20.02,12.74,5.32,70.92,6,9.41,38.48,54.59,20.32,8.68,7.64,5.45,9.41,5.86,2.14,0.64,1.5,1.52,1.57,1.99,4,60.45,60.11,59.8,67.2,60.41,0.35,0.37,0.47,0.61,0.39,14.85,66.2,0,0,0,214.05,126.18,82.18,30.07,16.21,186.4,118.77,91.44,68.07,47.11,50.09,19.23,7.04,2.81,8.6,24.04,35.4,7.1,3.68,9.13,83.94,49.73,4.46,148,0.19,29.12,0.6,18.68,55.02,0.17,0.01,95.4,72.09,0.24,6.73,756.72,1.87,1280.37,0.22,0.08,0.06,45.23,26.53,1423.7,344.09,1188.65,2064.64,2422.29,1413.83,1236.09,1260.24,1141.62,1142.5,2729.07,977.68,740.54,837.79,113,114,140,111,110,79,96,90,121,82,60,101,61.51,294.14,28.15,47.29,97.14,137.06,116.64,94.07,88.91,32.68,47.46,19.74,13.66,15.59,166,160,155,140,148,128,131,138,162,142,123,185,3.36,455.59,2.18,5.61,8.43,3.15,2.99,2.67,2.44,2.06,6.34,1.81,1.44,1.42,230,244,218,219,260,232,235,233,237,239,194,278
9,4.61,2.12,229.59,105.89,2.17,9.07,3.66,2.77,3.12,1.44,1.09,4.1,6.58,7.37,4.69,4.57,4.44,4.17,3.87,5.87,3.29,3.17,3.41,112,125,144,104,98,68,77,68,105,64,54,99,12.33,1.1,2.33,96.28,0.34,0.52,1.74,0.65,1.09,0.12,1.19,1.13,1.19,1.5,1.87,2.05,1.95,1.86,1.67,1.49,1.39,1.34,56.83,0.39,0.2,0.38,0.21,57.68,20.29,0.37,61.42,0.1,23.89,47.78,49.67,29.55,31.29,21.95,18.89,16.13,65.64,25.38,11.87,22.11,230.54,41.98,23.77,3.51,1.7,20.02,0.81,16,45.07,32.21,30.42,13.22,17.92,24.69,14.55,6.45,78.38,0,11.95,33.01,41.23,18.14,11,9.86,6.82,11.95,6.95,3.32,0.5,0.87,0.88,0.91,1.14,2.12,61.56,62.12,62.89,68.6,58.04,0.41,0.43,0.54,0.61,0.39,11.8,63.17,0,0,0,139.46,73.29,40.1,14.04,7.75,141.58,101.47,86.81,65.27,44.61,65.67,18.88,6.61,2.73,5.94,58.8,33.04,4.14,2.65,7.24,87.21,55.95,2.04,182.71,0.15,25.52,0.55,5.98,60.63,0.17,0.01,94.92,69.31,0.29,5.5,528.72,1.4,917.74,0.2,0.09,0.05,60.27,22.7,635.66,443.01,529.35,1084.93,1161.12,594.98,573.35,525.38,457.3,402.31,1155.78,437.18,338.72,409.13,183,189,200,157,152,100,121,108,158,107,94,158,28.83,429.66,16.8,28.31,53.59,64.75,53.23,40.97,36.93,9.36,19.96,6.67,6.8,9.06,271,264,241,220,215,165,206,206,244,206,194,293,2.47,570.65,1.69,4.44,5.69,2.42,3.08,1.76,1.71,1.12,4.3,1.23,1.03,1.31,287,296,276,300,340,306,323,301,315,284,251,354
2,15.56,4.76,180.52,141.65,3.27,44.4,12.66,7.66,7.98,3.75,2.66,14.78,21.19,31.48,14.56,16.56,20.13,11.78,9.32,17.02,10.33,9.24,10.84,103,109,114,100,101,96,102,87,81,92,86,110,15.08,1.54,3.2,110.17,0.52,0.45,2.02,0.66,1.25,0.07,1.05,1.28,2.1,2.02,2.33,2.36,1.77,1.64,1.75,1.48,1.65,1.96,89.85,0.13,0.04,0.11,0.05,67.57,4.41,0.18,79.72,0.02,52.29,84.38,112.6,52,61.11,90.79,45.56,34.63,87.46,40.09,30.67,43.64,159.46,37.03,33.42,8.17,3.06,15.91,-0.24,6.79,67.41,62.6,64.58,10.19,13.72,20.28,13.96,9.36,53.3,37,10.32,37.76,88.36,42.45,13.59,10.55,6.27,10.32,9.77,2.27,0.59,0.61,0.62,0.69,1.29,5.31,79.51,79.07,76.19,76.15,59.93,0.13,0.14,0.27,0.4,0.18,8.64,40.66,0,0,0,228.17,184.47,144.32,56.67,29.43,107.22,70.53,59.55,61.21,48.07,47.93,30.32,11.9,2.84,8.35,28.64,12.72,8.25,6.88,8.33,48.47,62.66,5.85,191.62,0.15,24.64,0.45,20.49,55.32,0.18,0.02,90.27,67.71,0.24,10.37,358.85,2.6,463.27,0.2,0.26,0.14,67.14,22.4,1875.46,234.16,1840.95,2674.89,3977.62,1670.61,1975.63,2530.54,1316.67,982.72,2314.4,1077.93,978.44,1234.81,129,129,135,130,131,123,131,120,112,124,118,147,181.12,200.61,156.52,158.55,267.07,267.73,399.61,263.95,91.67,36.1,66.34,113.06,185.57,167.17,132,143,113,120,147,161,149,159,142,165,149,145,14.07,307.85,11.77,21.69,32.73,11.02,26.06,22.72,9.07,4.1,10.92,5.19,6.56,7.54,189,197,162,202,224,232,234,243,218,232,205,236
5,8.55,3,179.45,136.66,2.85,30.33,9.69,5.96,6.74,3.01,2.11,6.7,9.88,14.9,8.36,10.31,12.23,7.73,6.15,10.06,6.02,5.27,5.14,102,106,116,103,101,97,102,82,80,89,79,99,14.88,1.51,3.01,106.07,0.53,0.45,2.05,0.67,1.33,0.08,0.81,0.86,1.22,1.48,1.8,1.84,1.62,1.44,1.41,1.19,1.2,1.28,74.35,0.2,0.07,0.17,0.08,64.58,7.3,0.21,76.29,0.03,24.17,40.39,55.02,31.47,39.23,61.58,29.97,21.87,52.03,23.88,18.12,21.13,164.83,36.4,27.91,6.97,2.54,19.25,-0.4,7.23,62.64,49.41,50.06,10.16,12.74,19.04,12.45,7.68,68.1,27.44,10.77,39.17,77.14,34.5,12.14,10.55,6.23,10.77,8.18,2.91,0.73,0.55,0.57,0.61,0.95,3.05,76.88,76.18,76.36,72.91,55.97,0.18,0.2,0.32,0.43,0.23,11.55,65.62,0,0,0,133.91,105.38,76.74,29.65,15.82,109.98,73.14,61.51,62.39,50.66,44.57,25.54,9.87,2.88,7.6,31.21,14.38,7.39,5.63,8.24,64.03,62.52,4.78,189.88,0.14,24.92,0.39,23.13,59.45,0.18,0.01,137.21,71.54,0.24,7.23,344.57,1.45,502.72,0.17,0.25,0.12,60,22.46,636.21,246.25,468.3,771.79,1141.76,582.96,747.32,1022.05,531.16,409.29,884.38,414.37,351.19,331.31,125,125,135,125,125,125,125,108,109,117,104,127,70.11,235.82,51.14,69.3,118.35,132.6,168.83,92.18,36.3,15.26,26.43,34.75,48.72,48.03,150,176,134,130,174,171,163,159,136,162,150,163,6.36,373.11,5.19,10.63,16.38,4.25,11.74,11.06,3.94,1.81,4.74,1.97,2.13,2.73,225,235,188,229,261,272,266,268,238,268,235,260
14,44.22,27.31,113.16,79.75,1.62,7.03,3.36,2.57,2.8,1.4,1.03,38.96,49.55,67.12,48.25,42.38,42.63,40.95,43,58.23,36.19,32.5,31.5,59,66,77,59,63,51,59,57,64,53,40,50,8.8,0.84,1.86,74.07,0.23,0.6,1.35,0.43,0.7,0.06,13.81,14.34,18.37,19.28,18.18,19.48,17.42,18.73,19.13,16.42,16.25,16.38,39.32,0.38,0.25,0.37,0.26,43.32,24.94,0.45,36.34,0.14,104.03,149.1,209.4,135.08,133.68,121.54,113.59,119.83,214.73,104,70.57,80.95,126.81,11.02,11.03,3.26,1.69,10.16,1.05,5.49,19.13,17.3,21.39,3.56,6.67,12.77,4.47,9.68,58.89,0,12.73,36.79,39.09,7.68,14.86,6.77,2.09,12.73,10.23,2.32,0.68,10.45,10.61,10.96,13.84,23.35,36.34,36.78,38.12,41.59,40.16,0.38,0.4,0.51,0.66,0.46,8.29,52.03,0,0,0,399.63,343.49,266.48,118.35,68.17,96.09,81.76,76.01,53.19,34.51,14.64,9.76,4.33,2.28,6.88,32.91,13.43,5.65,3.6,6.99,51.58,51.18,4.15,153.62,0.48,53.11,0.67,20.59,58.66,0.18,0.05,120.46,74.7,0.24,25.72,272.69,5.13,265.82,0.17,0.25,0.07,75.27,21.32,7539.04,203.41,6127.93,10113.32,16120.96,8153.29,6840.11,6589.19,6082.83,5587.48,11100.41,5671.35,3887.72,4405.54,103,98,119,92,101,80,77,80,93,66,64,99,166.75,227.84,90.99,125.06,308.82,364.09,320.11,214.56,182.52,83.89,114.26,81.41,58.01,56.32,178,167,143,132,146,130,149,136,140,141,127,167,8.68,282.71,5.28,10.86,19.21,10.66,9.43,9.89,7.31,6.13,12.1,4.56,4.81,4.23,211,204,176,165,202,181,178,167,176,171,153,222
9.5,26.8,18.71,103.35,64.6,1.43,4.48,2.35,1.95,1.93,0.92,0.69,25.53,31.55,41.45,27.37,25.16,25.3,24.21,24.86,32.76,21.72,20.52,21.52,54,62,72,49,45,31,34,37,44,27,23,38,7.04,0.72,1.62,65.09,0.21,0.57,1.32,0.4,0.74,0.08,11.91,11.66,13.93,14.64,15.59,16.44,15.39,15.75,15.38,14.3,13.85,13.97,33.22,0.51,0.37,0.5,0.37,32.16,36.66,0.59,34.04,0.21,65.76,97.61,125.92,68.6,66.98,52.19,52.09,57.26,127.35,52.2,32.33,48.56,161.64,8.91,9.1,2.48,1.42,14.07,0.93,5.34,30.09,16.72,21.96,4.65,6.93,14.2,4.78,4.18,62.46,0,7.91,47.93,25.45,5.23,7.05,4.68,1.32,7.91,4.68,2,0.64,9.55,9.62,9.78,11.41,16.05,34.04,34.27,34.74,38.4,35.05,0.51,0.52,0.61,0.73,0.55,16.93,57.78,0,0,0,248.4,202.49,152.74,65.49,40.1,119.38,86.99,70.03,47.77,32.98,13.27,8.16,3.5,2.16,10.53,38.31,31.71,5.81,3.79,11.35,82.28,52.34,4.35,170,0.53,58.16,0.6,10.34,56.24,0.18,0.04,84.47,71.81,0.24,7.58,532.89,2.39,558.39,0.24,0.03,0.03,44.45,26.95,2189.58,210.35,1846.81,2878.97,4189.1,2252.84,2046.98,1924.47,2194.74,1881.59,3089.3,1483.84,1309.36,1231.38,106,109,119,91,86,66,73,76,95,68,64,86,52.91,236.11,23.6,55.19,112.13,116.09,91.09,65.21,42.49,20.38,39.72,31.99,17.55,20.58,207,212,148,124,137,137,137,139,153,143,134,196,3.4,325.89,1.83,4.5,8.72,4.19,2.98,2.67,2.67,2.36,5.09,2.1,2.28,1.55,253,259,203,185,228,197,195,192,200,200,180,240
9,7.94,2.07,225.93,149.05,3.84,153.25,22.88,11.91,8.93,4.38,3.14,8,12.36,16.06,8.53,7.18,7.29,5.73,6,10.07,4.61,4.06,5.73,115,113,127,103,123,95,104,92,114,92,75,124,19.11,1.91,3.97,125.71,0.61,0.43,2.48,0.84,1.63,0.24,0.25,0.42,0.92,1.09,0.9,0.91,0.6,0.77,0.76,0.5,0.53,0.54,144.14,0.03,0.01,0.01,0.01,180.02,1.15,0.16,241.39,0.01,36.25,64.1,76.68,37.03,38.5,31.17,22.1,22.17,103.35,30.83,13.21,35.25,270.08,49.98,46.32,8.99,3.43,17.19,1.66,11.22,132.63,96.99,85.66,23.72,25.66,33.17,26.67,7.18,40.23,71.48,8.64,42.21,95.77,45.73,8.82,9,6.82,8.64,7.73,2.18,0.68,0.11,0.12,0.14,0.43,2.22,246.12,226.64,200.7,166.56,83.57,0.05,0.07,0.21,0.29,0.06,11.36,47.57,2.27,312.95,0,200.36,122.95,81.46,29.8,14.99,170.7,113.1,89.89,69.48,52.11,96.95,39.42,14.42,3.28,9.49,23.89,20.34,10.47,6.67,10.12,51.35,50,2.98,171.25,0.19,29.81,0.76,17.37,74.85,0.18,0.02,73.91,69.12,0.24,7.75,620.16,1.86,1079.44,0.19,0.17,0.16,53.5,22.41,1822.06,354.64,1656.95,2774.29,4275.35,1821.93,1506.06,1602.22,1158.82,1142.6,2962.83,1297.45,682.73,1059.82,147,145,154,135,163,130,135,126,151,128,107,169,69.17,258.73,54.4,61.33,132,155.48,135.39,74.32,56.11,27.91,42.76,31.4,26.62,32.31,148,138,140,141,141,147,172,128,133,141,124,189,4.3,428.4,3.77,7.77,10.61,4.09,4.33,4.23,2.66,2.05,6.06,1.83,1.76,2.72,234,225,215,231,267,233,257,231,258,223,197,294
6.5,6.53,2.25,198.11,133.29,2.9,30.16,9.7,6,6.43,3.05,2.17,6.22,9.6,13.54,5.64,6.36,8.13,5.75,3.96,7.76,3.72,3.51,4.46,110,115,122,95,94,94,102,75,80,82,75,108,17.2,1.6,3.54,112.38,0.62,0.49,2.17,0.66,1.39,0.13,0.57,0.66,0.89,1.14,1.41,1.54,1.31,1.16,1.18,0.97,0.92,0.9,80.74,0.16,0.06,0.14,0.06,71.46,5.86,0.21,87.21,0.03,27.79,47.32,53.84,22.33,26.61,38.83,26.51,13.95,60.71,15.42,11.71,20.85,217.47,36.37,32.16,6.65,2.61,21.33,-0.03,9.74,65.83,54.81,54.57,12.23,15.56,23.76,14.65,7,66.28,37.55,10.68,36.7,77.36,32.27,11.95,9.86,6.09,10.68,7.41,2.73,0.73,0.36,0.37,0.39,0.72,2.3,86.48,85.65,85.92,71.38,60.72,0.16,0.17,0.32,0.44,0.22,11.96,64.3,0,0,0,126.64,86.56,62.75,24.1,12.37,150,88.08,70.25,67.49,52.49,56.38,27.94,10.73,2.79,7.94,27.23,15.14,7.82,5.29,7.88,66.1,53.18,3.69,184,0.14,26.17,0.55,39.43,56.99,0.17,0.01,94.74,59.57,0.24,5.04,514.24,1.4,815.93,0.22,0.18,0.12,56.27,21.75,834.46,291.84,781.14,1330.93,1823.88,647.07,739.25,1063.38,664.81,415.58,1306.86,414.77,365.92,504.9,134,134,142,125,119,120,128,104,107,114,101,139,41.66,258.83,26.91,37.35,85.94,94.27,71.59,60.71,26.18,9.87,21.48,22.25,22.52,21.56,177,180,153,140,156,183,194,162,145,176,167,196,3.51,397.94,2.45,5.43,9.04,2.95,4.5,5.42,3.07,1.17,3.88,1.24,1.41,1.75,240,236,205,218,249,242,259,254,246,253,219,288
8,22.71,8.4,185.06,128.61,2.7,28.28,9,5.84,6.13,2.88,2.08,19.12,29.21,37.09,26.03,22.89,22.64,20.49,20.74,29.92,15.99,15.28,13.76,110,113,125,100,108,88,95,87,105,87,75,104,12.34,1.29,2.74,96.48,0.38,0.61,1.75,0.53,1.08,0.08,2.07,2.31,2.98,4.33,3.93,4.65,3.98,4.39,3.62,3.12,2.95,2.57,73.86,0.16,0.07,0.16,0.07,66.58,6.64,0.21,76.82,0.04,82.06,139.62,172.83,109.01,114.4,95.14,76.32,75.99,199.5,79.34,48.19,65.75,180.62,33.76,27.6,6.35,2.51,14.78,0.2,10.71,51.01,44.14,41.11,10.03,13.72,19.76,13.09,7.55,48.69,31.4,11.27,35.82,74.77,31,13.95,10.73,6.64,11.27,8.14,2.59,0.64,1.44,1.49,1.62,2.74,8.96,76.63,75.87,74.95,75.15,58.97,0.17,0.19,0.33,0.43,0.22,11.65,57.56,0,0,0,389.99,295.5,196.11,72.35,38.84,132.99,92.9,78.6,59.1,41.91,46.4,23.33,8.61,2.81,7.28,18.9,12.91,6.93,4.75,7.72,53.17,50.32,3.41,148.12,0.2,29.55,0.62,8.28,64.16,0.18,0.02,100.46,64.89,0.24,15.27,462.01,4.94,528.74,0.24,0.17,0.14,55.5,23.67,4108.48,291.32,3168.44,5341.39,6873.3,4921.47,3815.97,3628.56,4100.27,3602.7,6835.71,2612.09,2426.43,2127.87,151,149,161,137,148,119,133,125,152,126,108,151,203.24,286.42,93.24,130.34,267.27,410.9,453.61,508.64,212.42,104.8,108.99,51.86,51.82,47.27,173,166,171,130,168,182,132,118,127,112,103,172,7.43,292.35,5.73,10.38,13.53,9.36,9.11,8.15,5.63,5.05,10.59,3.89,4.24,3.86,182,178,169,153,194,158,162,150,168,145,135,218
4,22.33,6.74,215.18,145.33,3.31,24.57,9.22,5.76,6.85,3.34,2.29,21.89,33.43,44.26,22.13,19.58,25.01,21,11.76,29.02,12.99,12.94,14.91,111,111,119,94,91,85,107,72,84,77,72,99,19.21,1.6,3.4,120.82,0.59,0.56,1.64,0.64,1.1,-0.02,2.23,2.39,3.6,4.26,4.09,4.05,3.95,3.38,3.86,3.03,2.81,3.13,64.49,0.24,0.08,0.23,0.09,77.05,8.42,0.21,31.57,0.04,101.49,172.97,178.57,87.1,84.02,91.96,122.31,39.24,259.49,59.39,46.13,71.16,259.17,39.62,35.39,7.14,2.77,16.98,0.34,12.98,89.13,77.28,65.13,16.2,20.5,26.87,19.88,6.73,40.3,25.6,9.09,35.59,82.14,35.73,10.45,8.82,6.82,9.09,6.82,2.09,0.59,1.48,1.51,1.58,2.26,7.52,31.66,31.65,31.55,48.92,56.09,0.22,0.23,0.34,0.48,0.29,11.95,52.78,0,0,0,500.21,331.87,225.6,86.62,43.99,169.73,105.9,79.79,69.24,52.89,74.2,33.46,12.85,3.06,9.29,36.96,17.48,9.34,5.2,9.65,47.93,71.09,3.75,212.38,0.21,29.75,0.56,365.02,66.32,0.17,0.01,86.17,70.5,0.24,17.19,640.35,4.87,978.78,0.22,0.14,0.1,46.86,22.29,3912.55,338.22,3730.63,6235.29,7994.1,3554.92,3032.67,4198.61,3712.82,1577.9,7126.08,1978.35,1863.24,2184.56,142,136,147,130,121,110,143,102,116,106,100,131,171.02,245.14,146.08,213.96,342.5,229.05,241.95,223.8,117.02,31.77,104.56,119.54,156.98,129.82,159,152,144,149,163,171,186,145,153,168,159,189,23.66,375.35,21.92,43.2,57.18,19.39,25.34,29.5,20.55,6.2,31.27,8.89,9.1,12.91,205,195,182,221,231,219,253,226,234,232,209,253
6,14.93,4.12,231.95,150.96,3.62,28.27,9,5.61,8.23,3.25,2.2,13.95,22.45,29,14.92,13.41,16.81,14.21,7.94,19.89,8.51,8.83,9.95,123,120,127,107,103,98,120,78,92,86,87,111,19.99,1.59,3.57,122.43,0.62,0.56,1.65,0.63,1.09,-0.04,1.39,1.37,1.86,2.39,2.48,2.48,2.49,2.19,2.31,1.99,1.96,1.9,62.81,0.27,0.09,0.26,0.09,82.76,8.54,0.19,29.77,0.04,73.9,128.76,129.98,69.6,70.56,80.55,97.68,31.07,194.86,50.12,40.63,61.08,239.85,60.89,44.82,8.54,2.68,16.9,0.17,14.68,81.46,71.11,63.35,17.68,21.84,28.83,20.32,7.36,41.6,30,12,33.73,80.32,42.41,12.73,11.09,8.68,12,7.68,2.77,0.55,0.98,1,1.04,1.48,5.05,29.82,29.65,29.15,45.22,57.32,0.24,0.25,0.36,0.48,0.3,10.29,54.44,0,0,0,381.73,243.97,154.91,58.54,29.59,157.32,102.56,80.13,69.53,53.6,92.63,37.59,14.2,3.01,7.55,33.61,14.15,7.34,4.92,7.37,40.93,72.75,3.42,212.5,0.15,25.75,0.57,16.03,65.51,0.17,0,90.89,68.94,0.26,21.02,461.75,3.82,867.79,0.15,0.25,0.12,61.68,23.88,5413.48,374.69,4713.94,9262.12,11804.75,4735.73,4317.06,6009.26,4784.15,1967.73,9767.8,2586.81,2361.61,3027.09,168,156,169,157,149,137,168,115,134,126,133,156,106.47,286.47,87.61,130.17,203.01,138.97,159.99,145.63,73.56,20.54,68.12,67.3,105.07,80.75,193,169,160,174,210,216,223,158,177,193,210,221,15.85,401.55,14.64,27.84,35.88,13.52,18.32,18.89,13.28,4.59,20.92,6.23,7.6,9.4,240,221,204,255,276,256,289,256,273,279,260,295
7,9.56,2.75,233.08,146.89,3.48,26.16,7.78,4.97,8.4,2.96,1.99,8.25,13.64,17.71,9.75,8.94,11.25,9.71,5.68,13.25,5.56,5.43,5.95,118,115,125,107,100,98,119,77,88,82,74,101,21.21,1.66,3.71,122.1,0.71,0.55,1.58,0.62,1.08,-0.07,1.03,0.94,1.16,1.61,1.75,1.83,1.83,1.66,1.65,1.52,1.42,1.37,62.78,0.3,0.1,0.28,0.11,83.45,10.08,0.2,29.81,0.04,40.15,84.26,77.59,43.89,43.33,56.53,66.77,20.75,128.94,33.92,19.73,32.61,262.13,53.83,39.36,8.73,2.49,21.2,-0.09,15.39,73.69,70.44,62.99,16.01,21.39,28.7,19.34,7.55,52.49,29,11.73,38.51,76.14,42.32,13.27,10.45,8.09,11.73,8.09,3.23,0.68,0.74,0.75,0.79,1.07,3.42,29.91,29.65,28,41.4,59.81,0.27,0.29,0.39,0.5,0.33,11.08,54.65,0,0,0,261.71,158.65,98.7,37.42,18.89,158.8,105.17,81.85,70.14,55.27,95.28,35.93,13.62,3.02,7.01,34.46,14.38,7.29,5.23,7.47,46.05,61.8,2.75,234.75,0.14,24.8,0.47,42.76,60.5,0.17,0,104.62,72.18,0.25,10.72,563.3,2.45,967.57,0.19,0.18,0.11,58.59,21.72,1088.68,461.86,927.14,2090.18,2172.67,952.93,900.06,1080.41,1025.1,382.03,2182.05,471.38,383.28,592.43,190,169,188,184,165,159,189,121,140,130,130,165,28.71,290.62,19.47,34.57,61.42,51.99,42.85,34.07,21.95,9.26,29.45,16.79,10.93,12.65,187,171,162,157,160,171,207,159,171,156,149,189,1.45,501.43,0.84,2.5,4.95,1.3,1.11,1.4,1.07,0.51,2,0.6,0.58,0.62,262,242,251,229,245,226,271,208,237,240,228,286
4,5.19,1.66,250.89,156.48,3.13,31.76,7.05,4.47,6.34,2.15,1.53,4.87,8.41,10.81,4.44,4.32,5.61,5.03,2.79,7.17,2.79,2.8,3.53,142,132,145,108,102,93,117,63,90,74,70,118,22,1.53,3.48,129.94,0.62,0.48,2.05,0.69,1.25,0.02,0.53,0.48,0.56,0.97,1.17,1.34,1.37,1.21,1.09,0.96,0.87,0.72,84.24,0.18,0.07,0.16,0.07,91,6.67,0.22,76.81,0.03,29.67,52.19,57.33,21.71,22.46,26.2,33.78,9.96,73.6,13.71,10.31,22.18,257.88,51.92,39.24,6.55,1.98,21.44,0.11,13.82,76.19,63.84,59.66,17.41,22.15,28.57,19.47,7.41,64.08,59.8,11.36,37.88,60.68,32.91,11.36,10.18,7.86,11.36,8.09,3.77,0.64,0.28,0.29,0.32,0.53,1.8,77.2,75.8,71.71,69.62,61.08,0.17,0.19,0.32,0.44,0.21,11.46,68.06,0,0,0,144.54,95.15,59.14,20.78,10.41,163.05,104.44,84.35,76.85,58.67,86.97,35.59,12.5,3.13,6.97,40.22,16.9,5.8,4.29,7.72,61.11,57.5,3.29,171.5,0.2,31.77,0.62,39.55,62.29,0.17,0.01,51.18,66.02,0.25,5.5,588.43,1.46,908.31,0.21,0.1,0.1,65.95,23.06,1499.32,405.55,1361.16,2818.87,3481.58,1081.65,1061.31,1515.47,1329.74,533.61,2914.44,608.18,560.33,843.39,189,170,190,160,142,130,167,95,127,107,102,157,34.58,269.78,29.65,40.79,74.24,50.1,49.96,47.74,21.03,4.89,22.72,23.15,26.04,25.4,191,166,155,155,176,189,213,156,171,166,180,195,2.82,385.41,2.66,5.37,7.15,2.04,2.63,3.68,2.63,0.71,3.41,0.94,1.05,1.72,210,201,195,257,272,250,295,257,267,272,235,270
0,11.59,3.71,180.6,135.95,3.12,40.11,13.8,9.27,7.89,4.11,3.04,5.79,8.69,10.81,13.83,11.97,12.32,14.24,14.62,19.16,10.95,10.88,5.86,122,126,135,109,121,111,128,119,135,130,111,121,7.74,1.04,2,75.11,0.15,1.08,1.03,0.22,0.72,0,0.85,0.87,0.98,1.38,1.37,1.44,1.34,1.32,1.09,0.95,0.95,0.9,46.78,0.16,0.05,0.14,0.06,51.88,5.12,0.13,48.77,0.05,29.56,51.4,56.13,63.6,64.22,58.31,65.16,65.51,130.67,66.45,43.75,29.32,150.62,35.58,26.86,8.09,3.41,14.51,1.1,18.75,41.39,29.18,27.14,10.79,12.08,17.76,12.61,11.18,42,32.46,19.55,24.09,96.18,42.05,20.77,20.36,12.27,19.55,11.73,2.32,0.55,0.57,0.58,0.62,1.15,4.5,48.47,48.33,50.01,62.91,43.03,0.15,0.17,0.31,0.37,0.2,7.98,35.59,0,0,0,197.71,132.68,80.86,33.77,19.15,128.11,82.1,67.48,45.11,31.8,53.27,21.79,9.1,2.22,4.42,11.48,8.42,4.73,3.43,4.46,39.49,63.59,2.67,223.57,0.13,25,0.33,328.72,52.69,0.17,0.01,183,72.07,0.25,13.67,290.46,3.37,441.14,0.2,0.63,0.26,80.18,22.31,703.72,376.74,273.47,386.04,539.94,870.24,802.84,751.71,1002.09,849.38,1302.26,663.69,681.99,318.7,335,329,274,260,282,284,293,289,306,298,259,327,150.93,308.33,34.74,52.96,89.18,126.43,353.85,392.71,326.68,182.66,117.69,54.03,49.2,25.15,181,185,145,116,184,166,150,130,129,126,119,187,3.57,225.36,1.82,2.85,3.96,4.77,4.37,4.32,3.94,4.05,5.25,2.86,3.14,1.57,223,220,189,159,182,166,173,176,170,180,160,237
3,7.69,1.41,241.32,178.13,5.45,163.29,31.4,15.88,12.02,5.28,3.55,9.04,11.78,16.2,6.69,5.52,7.24,6.83,6.76,9.97,3.09,4.1,5.36,152,139,154,138,119,116,125,129,134,117,114,145,10.86,1.95,4.23,113.32,0.68,0.52,1.77,0.57,1.48,0.11,0.43,0.47,0.48,0.64,0.74,0.9,0.74,0.67,0.63,0.51,0.49,0.5,115.17,0.15,0.03,0.11,0.03,89.99,2.76,0.11,107.02,0.01,58.04,70.42,91.33,39.74,35.01,41.76,47.05,50.37,60.29,21.49,22.05,38.64,123.57,120.92,79.17,12.09,3.79,11.79,-1.79,11.11,148.33,109.36,108.56,30.35,32.02,41.24,33.97,7.14,75.31,104.25,12.5,34.72,98.59,58.77,11.73,13.23,10.36,12.5,7.5,5.86,0.64,0.21,0.22,0.24,0.48,1.99,107.48,103.71,99.78,127.82,88.07,0.15,0.17,0.34,0.24,0.07,10.42,78.67,0,0,0,161.77,124.99,82.89,28.9,15.69,44.54,43.22,47.09,50.01,41.44,115.07,58.96,20.56,3.22,7.04,14.35,16.6,7.36,5.63,6.9,88.65,63.68,2.35,215.38,0.24,34.73,0.43,13.65,61.74,0.17,0.01,42.33,75.46,0.35,10.43,254.02,2.31,290.13,0.18,0.26,0.2,72.27,22.61,1947.76,307.8,2343.56,3257.19,4405.03,1537.92,1234.5,1770.95,1742.28,1695.55,2654.01,613.49,899.06,1304.25,198,182,194,204,191,179,205,210,207,189,189,211,94.58,270.09,82.42,65.4,168.54,189.08,194.12,139.59,100.31,35.1,55.59,34.27,34.7,34.57,173,160,172,161,212,201,196,187,186,187,185,203,5.62,317.25,5.22,8.46,12.97,5.25,4.85,6.67,4.79,4.4,7.49,1.65,2.48,3.43,211,201,201,213,250,240,238,249,248,240,221,262
3,18.63,7.67,179.3,130.46,2.43,30.43,8.39,5.64,5.44,2.55,1.94,16.27,21.63,39.68,21.87,17.94,19.77,12.63,12.05,25.92,11.26,12.35,12.68,100,99,104,90,90,91,98,81,105,85,81,97,16.9,1.46,2.82,105.57,0.47,0.69,1.98,0.49,0.92,0.11,1.59,2.06,4.32,4.12,3.55,3.45,2.69,2.56,3.2,2.07,2.1,2.73,94.29,0.11,0.05,0.09,0.06,98.21,4.74,0.24,61.95,0.03,64.46,84.38,130.88,81.88,73.06,74.91,60.47,38.82,211.29,44.12,43.4,50.35,259.32,24.71,20.89,5.63,2.36,17.68,0.36,11.87,51.66,40.67,32.89,8.92,12.34,17.16,10.88,7.95,35.23,32.57,10.59,32.92,66.68,29.82,11.95,9.41,6.5,10.59,8.36,2.18,0.86,0.76,0.78,0.88,1.77,7.01,61.94,60.96,63.79,63.97,49.47,0.1,0.11,0.23,0.42,0.18,11.02,29.13,0,0,0,310.31,206.03,149.39,62.45,34.45,209.16,127.52,87.64,68.44,48.25,40.47,19.49,8.15,2.66,7.86,37.63,14.52,7.31,4.69,8.46,36.88,40.02,2.7,215.12,0.18,29.1,0.36,18.01,60.21,0.17,0.01,77.97,79.94,0.25,11.64,655,3.85,920.7,0.25,0.17,0.14,61.32,24.05,5444.81,292.87,4498.99,6740.2,13531,6155.64,4868.5,5606.25,2947.6,2679.86,9836.58,2742.83,2959.06,2974.29,129,123,133,125,127,123,140,112,144,117,113,136,217.58,190.11,141.93,163.48,329.77,307.51,425.38,331.74,125.95,53.88,112.94,213.32,243.16,161.15,145,140,112,113,126,138,144,125,139,152,141,153,27.68,304.95,17.73,32.29,56.87,33.62,45.23,42.55,22.1,9.79,33.27,11.9,15.12,12.51,184,192,151,180,191,184,219,186,209,194,185,212
5,28.16,13.33,149.96,113.82,2.11,30.12,10.37,6.62,4.87,2.65,2.03,16.1,23.71,32.23,31.22,28.05,32.65,34.3,30.84,44.56,25.21,24.25,15.04,108,108,108,91,98,90,106,89,112,102,92,107,7.93,0.94,1.86,74.51,0.16,0.97,0.94,0.29,0.65,-0.03,1.84,1.98,2.9,4.74,3.98,4.61,4.23,4.17,3.8,3,3.04,2.66,64.76,0.11,0.05,0.1,0.06,60.72,5.41,0.19,41.2,0.05,72.7,106.15,127.07,112.45,114.61,119.83,146.54,117.47,254.13,110.98,85.7,63.75,125.51,16.48,16.66,5.04,2.39,12.3,0.87,12.12,26.97,21.08,16.87,6.29,9.02,13.62,7.89,11.59,33.32,23.92,15.5,28.07,68.41,20.73,18.68,13,6.95,15.5,12.18,2.18,0.73,1.36,1.4,1.47,3.1,11.74,41.07,42.08,40.04,65.88,44.24,0.1,0.11,0.23,0.36,0.17,7.13,40.04,0,0,0,343.48,262.31,184.07,79.25,45.65,114.7,73,59.06,48.78,37.72,25.76,13.8,5.94,2.44,5.69,15.44,9.32,5.15,2.98,5.59,23.22,70.34,4.15,234.25,0.22,31.82,0.32,5.09,57.79,0.17,0.01,239.25,64.17,0.24,20.21,288.56,6.52,348.74,0.24,0.3,0.21,72.91,20.88,3489.56,339.32,1940.76,4162.74,5688.33,3573.46,3690.56,4069.16,4311.86,2520.63,6044.02,2188.07,2073.13,1729.01,200,204,200,215,204,197,222,191,232,213,210,227,228.41,239.75,93.27,110.65,216.59,315.68,507.54,471.54,359.46,177.03,183.94,118.5,111.02,70.79,153,151,118,109,158,139,118,95,110,118,109,160,11.12,218.96,6,10.78,16.28,13.46,14.94,16.72,11.69,8.53,15.41,7.27,7.35,5.26,176,178,150,139,161,147,152,133,151,148,132,202
2,30.39,10.15,198.17,143.28,2.99,28.13,7.47,4.76,7.28,2.83,1.92,30.5,44.34,60.93,30.82,27.11,32.61,25.74,14.53,38.5,18.84,21.17,20.85,106,105,113,94,90,88,105,68,86,83,78,99,17.94,1.53,3.27,112.73,0.58,0.63,1.69,0.61,0.96,0.04,3.37,3.72,5.59,5.77,5.55,5.43,5.26,4.41,4.82,4.02,3.72,4.35,60.82,0.2,0.08,0.2,0.08,75.73,7.64,0.21,47.6,0.04,126.07,202.25,221.79,108.95,105.09,114.08,136.18,46.12,317.33,79.53,68.03,87.86,254.56,30.46,27.61,7.55,2.44,16.14,0.51,12.44,66.08,61.24,53.18,11.59,15.85,21.39,14.36,7.14,37.02,24.5,10.5,34.99,73.64,37.41,12.23,9.32,6.82,10.5,7.45,2.5,0.64,1.94,1.99,2.12,3.44,10.67,47.62,47.49,48.54,55.07,46.42,0.19,0.21,0.34,0.51,0.27,12.04,33.99,0,0,0,582.6,400.88,283.33,111.53,58.13,178.36,109.93,78.87,67.01,47.9,57.42,27.93,10.99,2.77,8.31,37.66,14.17,8.28,5.5,8.55,43.27,55.77,4.25,171.25,0.25,34.21,0.65,344.67,66.07,0.17,0.01,70.99,58.53,0.24,19.59,655.14,6.06,932.78,0.24,0.13,0.11,53.32,23.07,3884.12,311.88,3709.2,5985.31,7854.6,3699.91,3133.37,3959.28,3190.29,1447.58,7103.91,2079.12,2373.91,2308.58,130,124,133,121,115,115,139,96,113,112,102,127,269.02,226.56,215.89,285.23,435.87,337.85,468.99,403.21,155.52,45.33,134.4,211.81,330.59,209.11,171,153,131,138,161,163,161,125,142,154,157,180,42.38,335.39,37.4,69.22,94.1,38.95,55.72,61.01,34.48,9.63,50.12,17.7,21.65,20.98,201,197,171,201,213,200,233,203,206,210,186,233
2,19.83,6.04,186.73,149.76,3.28,124.44,20.31,10.71,8.16,3.77,2.72,19.56,24.36,35.33,20.01,16.34,20.65,19.68,19.93,27.2,10.94,12.78,11.65,125,120,121,108,108,105,113,117,132,114,109,125,8.09,1.49,2.99,97.32,0.36,0.62,1.63,0.49,1.29,0.1,0.79,1.12,1.66,2.2,1.6,2.44,1.57,2.01,1.96,1.2,1.13,1.2,126.25,0.05,0.02,0.03,0.02,129.27,1.91,0.14,129.65,0.01,90.12,113.06,147.28,84.64,74.17,79.67,100.54,107.05,127.91,54.6,47.94,56.96,113.86,40.46,36.52,8.23,3,11.65,-1.19,9.06,59.4,54.34,47.35,10.56,14.6,19.31,14.6,11,56.95,71.68,12.5,31.88,87.27,40.41,15.77,12.5,9.18,12.5,11.36,3.82,0.86,0.37,0.39,0.46,1.26,6.49,128.01,130.41,139.11,102.79,69.16,0.06,0.08,0.21,0.28,0.07,7.67,52.34,0.86,272.83,0,283.56,234.86,175.29,66.25,36.49,52.87,45.87,45.23,47.36,41.46,46.93,29.01,10.96,2.92,6.96,19.77,11.5,6.9,4.47,6.88,42.74,54.16,2.54,190.25,0.16,25.48,0.45,17.17,72.19,0.17,0.02,9.09,78.15,0.28,19.25,218.47,4.24,231.54,0.18,0.53,0.24,76.5,21.01,2243.3,227.71,2224.81,2968.4,4194.21,2174.85,1707.44,2217.07,2344.29,2264.72,3341.27,1118.08,1290.5,1139.13,143,140,141,134,136,134,144,150,167,152,142,159,271.43,224.58,206.85,198.48,456.13,486.83,567.07,458.4,253.94,102.93,115.04,130.47,160.4,118.61,157,149,139,125,174,164,160,138,149,162,151,160,17.84,279.55,16.16,25.77,37.66,18.5,18.18,23.21,16.22,13.53,21.29,6.51,8.76,8.96,186,183,169,180,213,195,198,205,213,199,189,234
3.5,4.42,0.66,245.31,184.64,6.7,412.15,35.28,16.9,16.66,6.02,3.97,4.66,6.27,8.4,4.39,3.63,4.53,4.37,3.77,5.76,1.84,2.68,2.84,169,150,164,155,142,136,151,164,157,142,136,167,10.19,1.83,3.93,106.41,0.64,0.6,1.59,0.53,1.27,0.06,0.17,0.18,0.16,0.26,0.28,0.39,0.36,0.32,0.28,0.24,0.22,0.21,115.35,0.11,0.02,0.07,0.02,150.94,2.13,0.08,134.83,0.01,32.02,39.36,49.97,28.37,24.73,27.62,32.47,29.99,36.53,13.75,16.19,21.64,110.64,121.31,104,16.7,4.22,12.54,-1.34,12.34,146.74,112.49,108.07,34.6,35.34,42.71,37.64,8.23,74.54,118,15.95,31.4,103,65.32,14.68,16.59,14.18,15.95,8.73,4.68,0.5,0.08,0.09,0.09,0.2,1.28,142.27,127.89,133.12,129.19,77.22,0.12,0.14,0.3,0.25,0.04,9.02,57.84,6.95,208.82,0,88.72,70.57,45.54,15.85,8.65,46.63,43.12,47.3,47.27,40.56,133.78,68.67,23.9,3.11,5.44,14.14,12.54,6.16,4.57,5.43,72,64.16,2.25,223.14,0.36,47.52,0.36,357.15,71.8,0.17,0.01,3.99,77.48,0.35,6.11,234.29,1.56,283.25,0.2,0.38,0.3,80.91,23.42,1415.74,330.35,1376.48,2184.81,2806.17,1345.79,1159.75,1487.88,1520.56,1195.71,1962.4,503.46,720.73,787.79,229,204,214,220,200,202,215,224,213,207,196,234,76.68,289.54,72.06,56.76,134.31,150.69,168.68,95.95,65.17,21.06,25.1,38.97,51.07,39.09,188,165,171,162,200,192,211,208,196,188,176,207,6.36,297.73,5.16,8.56,11.99,7.58,7.81,9.09,6.28,4.51,6.96,1.91,3.28,3.46,198,207,186,195,230,217,235,240,246,225,209,250
6,2.78,1.86,119.41,67.98,1.49,5.59,2.77,2.3,2.06,1.09,0.87,2.33,2.84,3.97,2.99,2.75,2.95,2.96,2.87,3.51,2.03,2.1,2.08,79,80,88,58,48,44,48,52,60,33,40,57,4.66,0.76,1.73,64.29,0.16,0.54,1.13,0.3,0.96,0.03,0.95,0.93,1.1,1.55,1.65,1.74,1.61,1.54,1.43,1.32,1.24,1.18,45.87,0.4,0.28,0.37,0.29,42.21,28.47,0.55,52.58,0.16,10.71,12.67,16.75,9.62,8.58,9.46,9.63,10.44,13.3,5.03,5.6,7.59,109.79,16.68,12.87,2.51,1.54,15.08,-2.27,5.97,31.68,14.56,15.3,5.88,8.33,14.11,5.85,5.36,62.65,0,10.5,34.99,25.95,7.55,7.77,6.86,3.05,10.5,5.68,2.27,0.55,0.8,0.81,0.82,0.98,1.57,52.57,52.35,52.8,53.15,43.23,0.43,0.44,0.53,0.67,0.45,12.62,61.92,0,0,0,30.55,22.81,16.07,6.79,4.34,35.44,46.71,52.99,46.56,36.81,16.38,8.62,3.64,2.22,6.88,55.25,31.36,3.86,2.2,8.51,80.92,81.23,2.47,252.75,0.1,22,0.54,19.65,49.95,0.17,0.02,18.41,74.9,0.37,1.73,282.15,0.4,330.83,0.19,0.04,0.04,53.14,24.78,286.77,247.98,203.65,319.35,476.74,308.74,284.93,330.97,377.18,316.84,401.3,139.89,134.46,150.99,188,167,183,149,134,127,131,124,151,99,130,156,10.46,380.21,7.71,6.27,20.31,24.52,23.83,15.22,10.77,3.62,5.81,2.02,2.29,2.93,261,207,209,198,236,234,241,217,194,177,198,235,0.58,365.32,0.39,0.78,1.33,0.65,0.49,0.61,0.56,0.45,0.88,0.22,0.31,0.33,283,270,220,240,282,279,270,276,264,246,236,298
5,20.75,7.59,197.88,125.37,2.73,18.09,7.09,4.97,5.86,2.71,2,20.09,29.02,36.18,21.91,18.88,19.2,17.04,17.78,27.11,14.06,13.5,14.96,91,93,112,93,102,73,86,76,92,66,51,81,14.25,1.47,2.94,104.76,0.41,0.54,1.86,0.59,1.22,0.13,3.13,3.31,4.35,4.37,3.9,4.3,3.79,4.44,4.59,4.13,4.31,4.2,60.53,0.31,0.12,0.3,0.13,45.1,12.49,0.25,38.44,0.06,74.16,133.16,145.97,85.84,88.94,73.51,58.03,61.56,242.67,83.38,36.53,58.85,274.35,28.11,27.14,6.2,2.51,15.85,1.62,11.64,79.35,54.89,47.82,14,16.3,22.12,15.18,6.41,54.19,0,9.41,36.33,73.41,29.95,9.14,8.64,5.86,9.41,7.05,2.41,0.64,2.32,2.37,2.47,3.38,7.9,38.41,38.21,38.37,57.99,59.98,0.31,0.33,0.45,0.5,0.34,12.61,51.87,0,0,0,440.06,283.92,188.2,69.01,36.26,180.36,113.1,86.8,64.4,45.51,57.96,24.79,9.09,2.82,8.74,21.33,19.67,8.48,5.05,9.15,61.74,52.34,3.88,153.75,0.27,34.34,0.59,86.45,64.68,0.17,0.02,78.84,71.3,0.24,13.72,725.77,4.07,1127.61,0.23,0.09,0.09,42.86,24.81,1066.99,363.67,889.86,1656.21,1894.18,1028.19,886.43,936.49,741.14,760.02,2156.72,749.03,552.12,618.18,107,113,133,115,131,93,105,95,119,89,66,101,148.31,260.46,92.25,120.38,294.8,343.63,296.2,158.12,162.39,70.01,102.62,49.95,40.79,47.8,155,146,141,141,149,148,155,139,153,135,128,171,7.19,433.93,4.64,11.08,17.98,7.35,7.67,6.64,5.27,4.13,12.06,3.48,3.26,3.11,218,229,215,227,263,250,243,239,250,250,200,265
6.66666667,6.6,1.57,243.03,155.77,4.2,41.92,12.45,7.62,9.67,3.94,2.74,6.09,9.62,11.96,7.28,6.13,6.13,5.49,5.45,8.88,4.03,4.06,4.33,124,124,135,121,132,101,118,105,127,95,76,116,15.71,1.63,3.25,116.19,0.42,0.5,2.1,0.65,1.44,0.15,0.47,0.51,0.76,0.92,0.74,0.83,0.72,0.82,0.79,0.71,0.74,0.67,86.37,0.22,0.06,0.19,0.06,60.14,5.84,0.15,69.92,0.03,32.11,54.48,59.58,39.11,39.65,30.91,28.1,27.86,96.36,32.78,16.41,26.13,245.19,61.96,52.29,9.91,3.16,17.26,1.83,13.63,111.44,84.55,77,24.26,26.62,33.3,27.44,7.14,55.43,42,11.32,37.82,91.14,47.18,11.36,11.68,9.27,11.32,7.86,2.77,0.68,0.35,0.35,0.38,0.62,2.13,69.24,69.7,66.51,89.2,74.56,0.22,0.24,0.4,0.41,0.24,11.39,46.15,0,0,0,175.17,110.12,67.9,23.69,12.13,167.92,104.1,85.79,66.2,48.31,111.67,43.28,15.1,2.99,7.29,24.26,16.99,7.88,5.09,7.73,67.38,49.59,3.31,153.25,0.21,31.63,0.56,83.2,65.14,0.17,0.01,88.18,70.15,0.24,7.71,542.11,1.83,953.28,0.19,0.15,0.14,53.82,25.23,1696.67,388.02,1507.17,2659.85,3205.45,1789.16,1426.48,1439.29,1312.08,1224.66,3150.3,972.76,839.55,931.54,166,160,172,164,178,136,160,145,174,134,109,158,50,310.57,36.68,41.74,114.08,110.9,99.13,46.62,51.89,21.61,32.78,14.36,12.41,17.19,190,185,170,165,178,185,201,179,189,154,131,188,2.15,447.12,1.43,3.19,5.31,2.21,2.05,1.8,1.81,1.32,3.63,0.97,1.01,1.11,235,246,231,250,287,269,273,262,277,267,220,282
4,15.21,6.55,181.13,120.66,2.32,15.95,5.5,3.75,4.92,2.07,1.47,12.4,18.39,24.82,14.6,14.25,18.64,16.24,11.05,21.61,10.85,10.54,9.49,96,99,109,87,84,85,96,69,76,75,64,85,16.42,1.33,2.46,104.56,0.41,0.54,1.72,0.65,1.02,0.03,2.21,2.21,2.74,3.37,3.7,3.95,3.84,3.46,3.84,3.42,3.21,3.1,53.26,0.27,0.13,0.27,0.14,75.11,13.39,0.27,36.07,0.06,50.26,84.64,93.88,50.42,55.04,76.01,71.31,34.86,161.17,44.04,32.68,36.45,252.89,20.59,21.45,5.25,2,19.03,0.53,10.03,43.92,38.96,39.53,8.6,12.37,19.86,10.62,7.45,45.86,13.5,10.73,37.09,59.59,24.91,12.73,9.05,4.86,10.73,8,2.86,0.68,1.66,1.7,1.81,2.61,6.56,36.11,35.48,34.78,42.38,47.96,0.25,0.28,0.4,0.53,0.33,12.04,43.13,0,0,0,274.3,185.14,128.45,51.46,26.94,184.74,115.06,86.69,72.99,54.18,41.85,19.6,7.85,2.82,7.88,26.57,13.88,6.6,5.14,7.88,43.06,61.11,3.48,214.62,0.23,32.93,0.47,47.79,59.36,0.17,0.01,104.77,69.04,0.25,9.45,664.17,2.95,946.47,0.24,0.12,0.1,52.23,22.67,1293.73,308.18,916.03,1723.71,2159.53,1136.9,1211.48,1590.86,1405.04,811.62,2444.67,800.25,706.13,678.93,128,127,141,125,118,117,131,98,105,108,89,121,88.34,241.15,63.51,89.93,170.63,184.55,152.23,124.95,69.19,27.36,66.87,41.64,37.56,33.79,177,170,141,136,146,161,169,158,165,160,164,188,6.4,385.11,4.82,10.81,15.46,4.88,6.92,7.89,5.6,2.17,9.87,2.66,2.91,3.23,221,223,193,205,223,222,233,206,208,217,199,256
5,6.22,0.98,290.25,197.67,6.35,56.55,11.79,6.57,13.68,4.13,2.52,6.28,10.75,13.65,5.26,4.97,6.8,6.08,3.02,8.35,2.86,2.94,4.08,165,154,162,146,135,133,165,111,119,109,107,141,22.95,1.96,4.07,136.32,0.72,0.51,1.99,0.72,1.22,-0.01,0.26,0.24,0.35,0.58,0.65,0.66,0.64,0.57,0.55,0.49,0.45,0.42,87.01,0.18,0.03,0.17,0.04,111.53,3.47,0.1,52.48,0.01,45.28,78.72,82.15,34.78,36.13,46.56,54.59,17.47,95.18,23.23,16.87,33.17,216.92,136.63,94.25,13.93,2.98,19.02,0.1,17.35,153.2,126.35,130.7,39.73,42.88,55.5,42.88,7.68,44.62,53.77,13.82,33.77,86.95,53.32,13.23,13.82,11.27,13.82,7.95,2.36,0.59,0.16,0.16,0.17,0.31,1.76,51.05,52.06,51,66.58,73.02,0.16,0.17,0.32,0.45,0.25,10.91,33.63,0,0,0,203.57,125.94,75.67,26.18,13.02,139.34,94.11,77.41,72.38,56.56,208.02,77.32,26.75,3.29,6.13,19.71,14.11,6.25,4.61,6.26,39.02,62.68,2.42,199.25,0.32,43.28,0.46,32.42,60.63,0.17,0,50.93,65.99,0.25,10.44,431.54,2.27,710.23,0.18,0.2,0.14,61.59,23.37,1499.57,413.94,1470.1,2726.24,3270.7,1124.67,1066,1615.58,1452.17,571.06,2828.45,575.16,549.44,856.53,203,187,192,200,176,174,210,158,157,155,149,174,40.66,277.13,37.13,34.72,72.97,93.18,64.44,67.28,40.45,12.46,28.27,14.77,9.56,13.33,191,175,161,164,158,173,206,158,166,150,155,191,2.03,347.1,1.59,3.19,4.83,1.72,1.76,2.44,2.3,0.87,3.02,0.82,0.8,1.14,198,196,188,224,238,219,259,214,227,236,210,251
4,30.61,13.67,170.49,112.84,2.24,15.23,6.38,4.42,4.77,2.36,1.71,26.33,36.55,46.38,33.43,28.95,29.38,28.27,29.45,42.55,23.36,22.49,20.82,81,82,98,88,99,81,92,83,99,81,62,73,12.51,1.18,2.56,91.62,0.38,0.64,1.53,0.46,1.05,0.08,5.18,5.51,7.04,6.9,6.28,6.72,5.88,7.12,7.21,6.47,6.84,6.66,51.29,0.29,0.14,0.28,0.15,39.66,13.85,0.27,29.72,0.08,84.41,142.64,170.77,123.42,126.65,111.32,105.61,107.29,333.77,124.34,69,69.94,242.29,20.75,19.64,5.11,2.21,14.35,1.88,11.33,30.05,26.89,29.96,6.35,10.11,17.32,8.45,11.05,57.22,0,14.36,33.6,64.68,22,17.5,11.59,5.14,14.36,11.68,2.41,0.73,3.87,3.94,4.11,5.71,13.27,29.69,29.62,31.43,44.84,51,0.28,0.3,0.42,0.5,0.34,8.4,47.89,0,0,0,533.94,349.99,242.35,94.47,51.04,181.86,113.01,85.76,60.62,42.1,39.07,17.73,6.91,2.55,5.93,27.15,10.83,5.64,4.31,6.12,38.54,45.95,3.62,153.88,0.34,39.72,0.59,85.55,64.74,0.17,0.03,145.96,73.2,0.24,31.14,469.85,5.84,920.82,0.16,0.48,0.12,78.41,21.22,1599.18,303.44,1183.85,2066.77,2469.61,1631.28,1416.91,1481.32,1312.44,1344.52,3229.65,1238.93,993.45,892.62,91,94,115,106,126,103,112,101,122,102,78,87,182.93,233.37,101.11,140.23,332.65,410.87,355.43,206.94,203.02,98.99,143.61,75.74,64.89,60.93,146,141,134,130,135,137,149,138,153,147,138,170,8.62,399.74,5.52,12.47,20.94,8.98,9.11,7.96,6.36,5.34,14.32,4.58,4.59,3.7,214,228,207,207,242,225,221,218,230,227,190,255
7.5,67.59,28.39,161.13,123.69,2.38,49.21,12.05,7.06,5.43,2.79,2.1,68.29,80.26,122.27,77.35,62.44,71.81,56.29,59.25,85.38,38.92,43.44,46.74,95,101,102,85,92,76,83,85,89,84,75,88,7.7,1.42,2.96,93.29,0.39,0.64,1.6,0.35,1.02,0.04,6.42,8.06,13.88,18.85,13.23,16.01,10.98,11.49,13.06,6.31,6.93,9.77,110.55,0.06,0.03,0.06,0.04,118.86,3.08,0.25,98.72,0.02,254.62,311.18,450.48,259.07,247.82,229.49,199.05,246.18,289.33,153.15,122.37,167.68,112.19,23.75,25.21,5.54,2.44,8.08,-1.39,7.11,72.01,47.92,43.3,9.6,11.47,16.94,10.38,5.59,37.7,43.63,8.64,37.23,70.23,24.95,8.5,7.77,4.59,8.64,5.95,2.14,0.59,1.9,2,2.26,6.01,22.92,98.8,98.48,99.7,93.58,64.34,0.07,0.08,0.21,0.35,0.11,14.09,57.75,0,0,0,737.46,664.68,534.9,219.59,121.95,40.47,40.94,44.57,44.62,37.09,25.98,18.84,7.73,2.84,9.55,30.58,20.67,9.06,5.62,10.3,49.71,61.23,3.96,223.71,0.26,33.65,0.45,32.69,62.67,0.18,0.02,68.54,76.43,0.24,28.2,260.58,10.47,251.93,0.27,0.14,0.13,45.36,23.14,18427.17,241.38,18964.02,25807.47,35660.48,18732.51,17748.72,20820.95,14258.17,12068.43,24742.96,9147.38,10936.47,12933.8,135,145,144,129,139,118,119,115,130,126,110,142,1102.88,198.1,830.88,863.45,1717.79,1693.66,1959.2,1357.07,721.37,409.64,420.53,1269.81,1090.08,884.97,115,114,107,108,138,133,137,131,121,147,127,121,93.11,265.01,81.79,121.12,192.76,117.46,124.72,141.78,74.09,60.15,90.44,31.95,40.09,43.95,164,169,154,139,186,157,170,171,159,165,145,189
10,7.68,3.51,188.83,115.86,2.19,16.96,5.62,3.85,4.57,2.1,1.51,6.29,9.19,12.27,7.68,7.18,9.28,8.77,5.74,11.18,5.48,4.87,4.49,87,98,102,69,71,69,88,59,76,64,53,75,17.45,1.29,2.82,107.41,0.5,0.54,1.59,0.63,1.03,0,0.98,1.09,1.73,2.19,2.39,2.47,2.33,2.04,2.23,1.69,1.39,1.41,63.34,0.2,0.1,0.18,0.11,78.5,10.32,0.31,45.02,0.05,23.84,47.12,44.96,22.46,24.64,35,43,14.66,93.78,22.12,11.91,15.27,311.6,21.66,17.88,4.86,2.04,23.45,0.8,12.37,57.05,43.97,35.67,10.33,13.84,20.78,12.42,6.36,35.82,18.75,8,42.61,59.41,21.95,9.18,7.14,4.45,8,6.73,1.86,0.64,0.64,0.65,0.69,1.09,3.17,44.81,45.13,46.23,52.6,55.89,0.18,0.2,0.31,0.53,0.29,13.48,38.44,0,0,0,170.42,102.35,66.52,26.74,14.01,185.66,121.45,89.4,72.26,55.07,48.56,18.96,7.62,2.91,10.4,30.42,18.82,8.04,4.93,10.82,43.61,57.39,3.35,227.43,0.14,25.24,0.47,16.27,52.3,0.17,0.01,110.03,77.7,0.25,4.03,917.88,1.44,1308.37,0.26,0.08,0.08,40.5,25.4,1310.83,410.27,939.86,1890.01,2522.33,1083.91,1172.29,1392.87,1351.1,630.85,2769.86,821.29,578.99,646.06,145,159,164,132,134,132,159,102,130,109,105,146,50.98,237.42,41.6,56,98.42,81.4,68.97,70.6,49.81,19.27,45.12,28.65,26.98,26.06,129,142,135,130,144,147,145,103,118,119,104,145,4.3,475.28,3.01,7.66,11.31,3.1,3.65,5.01,4.02,1.26,7.57,1.9,1.42,1.94,234,213,210,213,251,233,242,203,218,216,203,284
3,8.41,2.7,208.81,141.43,3.11,33.09,10.3,6.31,6.58,2.99,2.13,8.16,12.74,17.9,7.04,8.39,10.55,7.19,4.95,9.7,4.62,4.25,5.74,118,120,128,103,103,100,108,81,82,86,78,115,17.52,1.67,3.45,115.79,0.65,0.48,2.2,0.67,1.43,0.12,0.65,0.77,1.05,1.32,1.64,1.75,1.47,1.3,1.37,1.08,1.04,1.05,86.82,0.15,0.05,0.12,0.06,75.87,4.97,0.19,100.51,0.02,40.49,67.77,80.39,32.16,39.87,55.72,34.81,19.41,73.97,21.91,16.98,32.35,193.67,48.92,35.86,6.78,2.53,19.83,-0.69,10.28,77.15,58.1,55.96,15.14,17.6,25.11,16.52,6.77,60.44,37.43,11.45,39.02,75.55,33.45,11.27,10.55,7.32,11.45,7.18,2.64,0.59,0.39,0.4,0.43,0.8,2.73,100.97,100.24,99.23,76.45,64.08,0.14,0.16,0.3,0.4,0.2,12.74,56.29,0,0,0,176.2,121.56,84.83,31.88,16.33,127.58,79.37,66.21,66.18,51.9,65.2,31.39,11.8,2.98,7.53,30.39,15.82,7.24,4.62,7.66,62.03,62.77,2.98,198.12,0.15,26.29,0.62,40.65,57.45,0.17,0.01,96.97,63.1,0.25,9.25,391.25,1.94,662.17,0.17,0.21,0.13,58.36,22.96,1272.26,297.25,1249.36,2072.11,2911.95,949.77,1172.4,1646.38,1004.43,614.04,1820.62,586.19,506.01,798.54,149,143,155,139,137,130,141,114,113,119,107,151,49.24,257.08,34.03,46.42,104.65,109.9,81.49,69.78,31.64,12.77,26.7,24.59,23.9,25.85,180,177,154,142,153,182,198,168,145,171,160,191,3.72,390.01,2.64,5.89,9.67,3.14,4.64,5.61,3.17,1.27,4.12,1.34,1.46,1.87,234,231,202,215,243,238,251,248,238,247,212,282
8,22.47,10.91,159.18,106.31,2.06,12.92,5.01,3.58,4.13,1.96,1.41,20.13,30.96,41,23.4,22.9,23.58,18.32,18.65,28.07,15.61,12.7,14.95,81,80,99,74,70,54,54,51,64,49,36,64,13.37,1.26,2.74,100.51,0.46,0.45,1.97,0.73,1.14,0.12,4.38,4.98,6.7,6.93,8.43,8.55,7.61,8.01,7.2,5.86,5.66,5.59,62.45,0.29,0.16,0.28,0.17,62.54,15.75,0.36,65.06,0.06,61.08,120.45,152.43,69.28,74.06,69.98,44.84,44.4,183.64,57.15,24.92,47.94,251.61,19.56,16.9,4.48,1.96,16.49,1.21,7.08,59.94,39.42,42.82,8.53,11.1,18.79,9.23,5.18,51.11,13,8.27,43.05,56.14,17.86,7.91,6.59,3.05,8.27,5.77,2.23,0.59,3.19,3.25,3.37,4.5,9.15,65.12,64.42,63.79,66.67,61,0.29,0.31,0.41,0.55,0.35,14.83,70.37,0,0,0,349.39,254.58,181.22,71.16,38.42,167.44,113.82,85.35,63.8,47.64,32.03,16.61,6.52,2.9,9.89,22.84,29.63,8.49,5.55,10.2,74.62,56.89,4.71,167.5,0.29,36.79,0.71,13.22,52.83,0.17,0.02,108.15,73.68,0.24,10.64,705.1,3.07,917.33,0.22,0.07,0.06,45.68,23.61,2284.96,339.09,1638.77,3274.35,4124.51,2301.71,2349.93,1901.8,1716.86,1371.98,3706.56,3295.97,805.9,1004.13,125,120,139,118,125,96,94,88,114,83,66,111,110.84,235.85,50.48,95.14,203.93,247.61,209.82,156.25,125.97,52.39,78.02,51.13,25.72,34.34,147,137,131,116,123,115,117,114,130,116,98,137,5.09,376.24,3.1,8.95,15.38,4.87,4.39,4.36,3.05,2.69,7.75,2.49,2.22,2.15,238,210,206,193,220,195,199,205,201,212,179,229
5,12.21,4.08,195.4,139.16,2.99,25.92,8.05,5.17,6.73,2.92,2.02,10.91,16.91,21.47,14.21,12.52,12.14,10.57,10.16,15.28,7.99,7.69,7.14,115,116,127,107,111,90,96,91,109,90,79,108,12.76,1.29,2.73,101.95,0.37,0.56,1.86,0.55,1.12,0.08,1.41,1.47,1.71,2.24,2.28,2.64,2.49,2.45,2.03,1.75,1.62,1.52,68.8,0.22,0.08,0.21,0.09,66.47,8.09,0.2,72.41,0.04,47.78,79.97,97.16,62.39,64,51.84,40.92,39.41,107.62,43.5,26.86,36.1,178.18,38.82,31.29,7,2.51,16.02,0.47,10.18,50.45,44.73,48.98,10.03,13.98,21.12,13.1,9,61.15,28.25,13.64,35.82,75.27,34.86,16,12.77,7.36,13.64,9.55,3.09,0.64,0.93,0.95,1.01,1.61,4.63,72.1,71.96,71.06,69.25,61.44,0.23,0.25,0.4,0.49,0.27,10,55.97,0,0,0,216.87,170.04,111.83,40.3,21.44,130.34,95.33,78.88,60.54,43,53.22,27.44,9.89,2.93,6.14,18.85,12.65,5.85,4.79,6.42,61.91,51.43,3.77,152.88,0.15,25.25,0.65,340.49,67.2,0.17,0.02,100.28,67,0.24,12.29,367.39,2.63,461.24,0.18,0.35,0.14,78.91,21.53,1094.5,345.56,913.05,1651.37,2092.51,1495.88,1047.42,854.78,1138.25,680.98,1728.25,628.54,475.39,481.97,149,147,158,145,159,123,145,137,169,148,121,154,132.41,327.39,51.8,76.78,169.18,297.88,304.46,359.75,141.96,61.64,58.06,25.17,22.08,21.93,203,193,197,145,190,215,170,159,150,151,133,193,3.67,307.72,2.78,5.37,6.89,4.78,4.25,4.06,2.81,2.51,5.26,1.92,1.86,1.7,202,202,188,182,212,195,189,187,193,189,168,237
7,9.58,3.21,214.62,138.1,2.98,19.8,6.3,4.07,6.15,2.49,1.71,9.22,14.44,18.01,10.72,9.59,9.31,7.82,7.42,11.28,5.94,5.51,6.02,114,120,132,108,106,81,85,80,100,76,67,109,14.15,1.45,2.97,107,0.48,0.51,1.95,0.64,1.16,0.07,1.37,1.4,1.57,1.99,2.19,2.55,2.44,2.31,1.95,1.67,1.53,1.45,64.97,0.28,0.1,0.27,0.11,65.15,10.38,0.23,68.51,0.05,43.58,76.46,89.42,51.48,52.35,41.83,28.96,27.6,101.47,38.55,17.93,34.08,221.83,45.48,33.55,6.48,2.26,18.13,0.55,11.84,64.19,51.23,56.24,13.32,17.1,25.59,15.7,8,63.85,33.75,12.09,37.76,69.05,32.55,12.45,11.18,6.73,12.09,8.55,3.05,0.64,0.92,0.94,0.98,1.43,3.57,68.74,68.28,68.15,68.16,63,0.29,0.31,0.45,0.56,0.33,11.35,54.8,0,0,0,215.21,147.58,92.52,32.56,17.25,147.87,95.7,78.97,61.26,44.4,67.09,28.84,10.15,2.96,7,14.35,18.32,6.27,4.98,7.09,66.88,52.23,3.16,153.12,0.15,25.98,0.6,340.94,65.44,0.17,0.02,78.54,61.71,0.24,7.23,566.77,2.41,753.5,0.25,0.11,0.11,59.18,24.02,776.18,348.18,681.39,1316.27,1506.63,819,727.21,685.74,544.88,499.67,1318.19,501.21,353.04,410.54,139,143,155,130,134,102,108,103,130,103,87,138,119.37,352.5,46.1,66.32,154.09,267.41,277.75,348.46,127.37,50.87,44.49,18.1,15.03,18.13,207,200,200,148,195,233,190,180,164,166,146,200,3.2,348.43,2.56,5.09,6.38,4.14,3.69,3.46,2.31,1.98,4.52,1.5,1.41,1.57,207,208,195,197,228,210,200,198,211,201,179,250
0.5,8.78,2.84,182.94,148.04,3.09,266.07,43.21,21.83,7.93,3.96,2.98,4.42,5.75,8.85,9.76,8.07,10.33,11.79,11.93,14.7,7.46,8.02,4.23,156,144,139,120,135,125,131,140,146,133,138,157,5.98,1.01,2.18,77.44,0.16,1.16,1.16,0.35,0.85,0.05,0.07,0.11,0.14,0.6,0.19,0.35,0.23,0.5,0.36,0.19,0.23,0.15,166.66,0.01,0,0.01,0.01,110.29,0.48,0.08,113.22,0.01,28.26,33.07,46.91,48.79,44.83,49.82,68.32,75.23,78,43.81,40.21,26.31,91.5,39.53,29.95,7.96,3.12,11.53,0.26,17.51,43.25,29.51,27.51,11.52,12.93,18.34,13.05,12.45,31.51,90.45,20.45,25.05,90.32,39.41,20.18,20.59,13.36,20.45,13.09,3.82,0.64,0.04,0.04,0.06,0.35,3.02,112.17,132.03,106.41,107.66,45.68,0.01,0.02,0.12,0.14,0.03,7.32,31.7,1.09,234.83,0,130.66,97.38,62.11,25.03,14.85,59.96,48.58,48.81,44.25,36.4,46.05,21.89,8.82,2.41,4.21,11.73,8.7,4.33,2.92,4.22,21.38,60.66,2.25,300.86,0.19,30.98,0.53,36.34,67.98,0.18,0.01,241.47,66.85,0.38,10.7,191.52,2.92,233.29,0.21,0.71,0.39,83.68,20.82,1961.28,301.2,1203.46,1778.78,2724.84,2519.27,2263.89,2471.13,2376.65,2001.93,2879.73,982.66,1435.88,928.26,216,201,186,193,217,213,229,245,255,248,247,266,97.61,300.66,31.84,43.04,79.14,101.61,203.52,217.74,206.42,85.7,71.48,47.6,49.98,30.1,151,154,127,107,180,140,144,99,110,110,118,145,4.38,228.79,2.53,3.82,5.83,5.55,5.71,6.3,5.06,4.41,5.58,2.53,3.23,2.09,197,214,166,144,175,155,156,164,163,153,158,209
2,8.04,1.48,215.99,165.03,5.43,2061.79,255.55,94.41,15.18,7.39,5.33,3.47,5.23,6.97,9.8,8.35,8.48,10.48,10.49,13.98,7.64,7.88,3.76,181,182,162,143,167,155,165,153,171,168,147,190,7.27,1.16,2.09,79.21,0.13,1.29,1.02,0.26,0.73,0,0.01,0.02,0.05,0.15,0.06,0.05,0.05,0.1,0.07,0.04,0.06,0.03,190.97,0,0,0,0,187.71,0.06,0.04,209.76,0,23.88,37.55,43.23,60.17,62.38,55.8,68.51,63.7,117.52,59.6,42.73,27.19,127.91,81.94,56.22,15.18,5.39,13.43,0.75,28.62,75.88,54.82,45.12,23.67,23.38,27.32,25.59,12,31.91,126.77,24.5,21.22,120.36,72.86,22.64,25.82,23,24.5,12.68,4.27,0.45,0.01,0.01,0.01,0.2,2.65,107.55,122.27,153.85,155.43,48.05,0.01,0.01,0.14,0.06,0.01,6.93,30.73,12,135.55,0,175.01,103.12,58.81,24.91,13.92,102.57,70.21,61.56,41.97,31.15,118.19,39.72,16.82,2.32,3.44,15.37,7.78,4.68,3.17,3.54,22.27,79.73,2,255.57,0.25,36.57,0.4,334.83,72.68,0.17,0,182.63,66.08,0.25,14.79,228.05,3.59,359.11,0.19,1.44,0.59,97.18,20.66,536.04,392.9,208.83,294.74,411.87,664.67,617.41,580.77,753.31,646.4,986.05,505.34,519.15,242.37,360,360,301,280,302,310,320,316,322,334,286,349,97.96,305.32,19.89,27.15,49.64,74.38,238.59,231.95,224.6,127.47,82.92,39.17,36.39,18.23,179,172,140,118,189,159,145,126,128,135,128,196,2.66,225.2,1.27,1.85,2.69,3.5,3.33,3.4,3.18,3.1,3.9,2.17,2.38,1.18,234,227,191,164,190,178,181,185,180,192,168,245
5,7.53,1.29,235.2,185.53,5.84,452.56,43.49,18.03,14.16,5.54,3.64,7.75,10.29,14.11,7.45,6,7.7,7.17,6.96,10.23,3.4,4.83,4.7,162,146,155,143,135,134,149,150,159,139,132,167,9.87,1.66,3.64,107.02,0.5,0.57,1.8,0.57,1.45,0.11,0.24,0.28,0.3,0.52,0.5,0.64,0.49,0.48,0.46,0.34,0.32,0.31,130.7,0.06,0.02,0.03,0.02,151.91,1.6,0.08,145.56,0.01,50.81,64.56,76.81,43.06,37.53,43.8,53.42,56.28,63.81,23.76,29.01,33.92,115.02,106.72,85.23,14.19,3.85,12.13,-1.37,11.87,130.39,102.22,91.93,29.21,31.27,36.84,32.28,8.14,66.49,114.55,15.14,34.98,104.55,61.73,14.32,15.36,13.55,15.14,8.5,3.73,0.68,0.11,0.12,0.13,0.31,2.16,148.6,138.41,138.65,127.84,81.55,0.09,0.1,0.24,0.21,0.03,9.01,59.38,3.64,170.48,0,152.99,115.17,76.24,26.87,14.57,50.55,42.69,46.24,48.32,43.03,118.5,59.05,20.81,3.12,5.69,16.32,12.56,6.78,4.58,5.74,78.22,53.2,2.09,199.12,0.25,36.37,0.4,78.5,70.54,0.17,0.01,298.37,77.22,0.26,11.42,228.54,2.4,287.97,0.17,0.56,0.29,68.36,22.05,1282.13,278.83,1346.53,1878.8,2489.46,1212.58,934.37,1267.58,1282.78,1212.93,1843.88,508.57,753.28,705.36,187,170,179,176,169,164,192,186,191,179,167,208,103.58,289.17,96,93.87,192.63,162.89,186.97,146.74,85.83,31.33,43.21,56.91,83.9,62.55,211,185,184,168,212,202,220,202,190,208,209,233,9.95,340.27,8.83,15.02,20.35,10.47,10.38,13.01,8.97,7.37,11.56,2.96,5.26,5.64,228,238,210,233,265,253,258,263,271,254,239,286
7,15.27,3.7,208.85,150.49,4.13,81.4,22.4,13.1,10.41,4.88,3.48,15.59,23.96,30.35,15.46,13.39,14.74,12.47,11.47,20.04,8.49,7.75,10.23,109,107,123,108,126,103,122,95,124,92,72,106,15.07,1.88,3.79,116.2,0.6,0.48,1.86,0.7,1.3,0.07,0.72,0.95,1.93,1.9,1.62,1.66,1.2,1.42,1.44,1.04,1.01,1.18,123.49,0.11,0.03,0.09,0.03,67.63,2.87,0.15,89.34,0.01,66.33,106.44,126.23,66.44,68.69,62.49,57.69,41.23,172.95,44.48,25.93,48.39,204.96,51.69,43.78,10.54,3.77,15.19,1,9.7,117.56,83.61,75.18,19.09,20.33,26.35,22.04,8.14,45.24,68.2,10.64,40.78,101.73,53.82,10.68,11.5,8.77,10.64,8.64,2,0.73,0.4,0.41,0.45,0.92,4.39,89.71,88.09,85.09,120.17,79.88,0.11,0.12,0.25,0.29,0.13,9.35,47.02,0,0,0,303.98,218.12,149.75,56.33,29.14,136.77,89.74,74.1,58.91,45.83,82.06,40.42,15.21,3.35,8.31,21.9,17.32,8.88,6.18,8.38,51.75,57.98,3.25,188.5,0.17,25.99,0.61,59.41,73.09,0.17,0.01,121.35,72.55,0.24,13.54,460.1,3.33,690.53,0.2,0.23,0.16,60.82,23.28,4974.51,310.52,4923.59,8745.66,11318.42,4749.88,3984.39,4632.29,3500.9,3031.7,8014.3,2467.2,1844.11,2790.65,139,133,155,145,176,144,164,130,167,129,105,146,189.59,237.13,104.14,131.67,322.5,440.06,366.52,254,262.66,102.34,140.27,67.34,35.47,46.68,137,128,137,128,136,148,157,136,151,127,113,144,6.06,342.77,4.76,10.46,15.61,5.46,5.25,5.9,4.49,3.29,10.19,2.6,2.18,2.93,194,192,182,194,235,214,220,209,221,216,182,227
8,96.54,47.15,153.16,114.08,2.05,26.49,8.19,5.3,4.33,2.25,1.73,96.96,115.13,173.66,110.16,91.22,104.6,77.93,81.58,121.94,58.66,61.8,66.83,87,94,98,76,86,69,75,73,77,69,64,77,7.94,1.35,2.87,89.85,0.38,0.63,1.43,0.3,0.97,0.02,14.57,16.5,25.45,33.08,25.08,28.9,21.66,21.34,25.07,12.93,13.57,19.08,93.64,0.1,0.05,0.09,0.06,95.1,5.21,0.31,74.9,0.03,352.82,436.33,636.34,362.39,363.53,332.94,262.09,301.46,399.9,209.71,178.39,226.5,110.3,19.87,20.79,4.5,2.13,7.57,-1.57,6.91,63.56,36.68,32.89,8.58,10.12,15.09,9.31,4.86,36.61,27.92,7.73,39.37,55.23,19.18,7.64,7.32,4.18,7.73,5.32,1.95,0.64,4.46,4.62,5.13,11.26,34.96,74.87,74.34,75.03,73.3,58.73,0.09,0.11,0.24,0.4,0.17,16.59,40.97,0,0,0,1032.25,916.55,723.83,310.56,170.74,38.98,40.18,42.85,44.49,35.88,21.9,15.35,6.59,2.63,10.49,34.56,23.03,7.43,4.63,11.61,56.14,53.07,3.33,208.43,0.34,41.62,0.56,27.13,56.91,0.17,0.02,97.27,74.67,0.24,39.27,282.46,14.05,254.48,0.26,0.12,0.1,38.82,22.76,28600.23,233.13,29715.3,39710.69,56141.19,30782.53,28050.52,32988.94,20736.37,17985.08,38624.86,14446.79,16502.99,18635.37,121,130,136,117,130,103,110,104,106,103,95,118,1563.94,188.84,1201.07,1197.06,2458.56,2366.88,2707.78,1924.42,987.9,574.89,574.22,1903.85,1571.97,1272.37,109,107,100,100,129,122,132,121,108,133,122,109,121.54,260.18,104.4,157.27,252.77,152.96,167.92,191.13,91.56,73.34,120.92,43.51,51.3,55.49,158,160,150,129,171,141,158,149,149,153,139,177
6,740.49,476.04,102.14,75.77,1.56,5.81,2.75,2.2,2.46,1.16,0.87,619.89,764.56,1181.4,835.53,685.15,779.11,718.55,685.23,1018.51,622.47,504.65,478.61,50,63,68,45,47,35,43,36,47,33,28,33,7.37,0.78,1.91,75.14,0.25,0.63,1.15,0.42,0.7,0.01,266.07,278.01,381.33,427,374.37,407.45,367.91,393.16,395.96,332.92,290.95,305.36,40.28,0.36,0.25,0.32,0.26,42.66,25.48,0.56,34.63,0.15,1467.36,2066.1,3126.91,1846.66,1725.91,1567.85,1526.67,1428.29,2619.32,1356.94,873.37,930.72,107.93,8.44,9.76,2.97,1.59,6.7,0.18,4.33,39.39,21.66,22.11,4.16,6.18,11.06,4.68,3.73,45.49,0,6.77,34.98,34.45,8.05,6.82,4.73,1.5,6.77,4.32,1.64,0.68,173.87,176.24,182.17,229.35,374.26,34.63,34.4,34.08,33.74,39.56,0.37,0.38,0.48,0.72,0.51,21.17,54.9,0,0,0,4993.03,4711.25,4076.69,2090.04,1192.57,62.44,62.8,58.18,51.08,38.35,10.49,8.56,4.39,2.41,12.71,31.77,26.72,7.42,5.1,12.72,76.86,48.45,5.66,203.14,0.7,73.12,0.44,34.42,59.31,0.17,0.05,121.19,73.56,0.23,163.26,333.32,55.29,237.91,0.25,0.05,0.03,41.73,25.22,99160.04,150.59,78947.67,106977.5,174796.9,111245.6,93183.24,108412.2,89424.71,85123.62,152892.3,75055.81,61149.92,54590.9,77,85,91,72,77,53,62,61,74,53,50,61,5885.59,175.63,2758.4,3407.36,9051.42,10378.8,12544.34,10617.39,6548.5,3218.34,3584,3338.04,2888.3,2201.86,110,120,100,81,121,103,90,71,80,93,91,97,275.03,216.96,179.13,326.15,684.24,321.23,318.02,370.08,217.83,153.84,346.51,142.18,130.48,117.34,162,157,124,118,140,121,119,117,131,126,115,159
7,681.68,443.55,106.05,76.96,1.54,6.01,2.81,2.28,2.41,1.14,0.88,577.24,724.1,1095.7,766.23,625.51,708.89,659.74,629.86,937.66,561.78,458.47,443.43,52,64,69,47,52,37,45,39,52,35,30,36,7.3,0.8,1.99,75.76,0.25,0.62,1.19,0.44,0.71,0.01,242.22,254.28,346.51,391.03,337.38,364.58,329.3,357.22,356.49,292.27,262.46,275.43,42.08,0.35,0.25,0.31,0.25,43.1,24.58,0.55,34.73,0.14,1432.5,2028.19,3074.21,1850.59,1715.53,1566.55,1477.14,1459.72,3034.05,1296.11,865.39,937.82,119.18,9.31,10.08,2.89,1.58,7.48,0.39,4.92,40.12,19.3,18.98,4.74,6.49,11.41,4.9,3.59,36.11,0,7.41,38.1,33.55,8.55,6.68,5.41,1.82,7.41,4.18,1.64,0.68,153.97,156.01,160.98,205.16,339.05,34.73,34.47,33.9,34.26,40.29,0.35,0.36,0.46,0.69,0.48,22.77,53.63,0,0,0,5309.15,4670.68,3870.17,1933.96,1103.05,77.55,68.72,58.54,51.25,38.52,11.97,8.73,4.36,2.39,12,34.98,27.42,6.33,4.65,11.89,76.71,53.5,5.48,206.88,0.68,72.22,0.46,24.9,64.87,0.17,0.04,108.8,71.51,0.23,189.09,374.16,60.69,288.49,0.24,0.05,0.04,46.73,27.66,79435.14,150.66,65565.08,88336.41,144146.5,89244.46,70623.17,82529.41,71469.49,70196.43,121592.8,59201.33,47428.38,44411.27,76,84,89,70,74,54,64,60,74,53,48,60,5418.58,177.33,2581.79,3234.25,8445.12,9656.05,11453.97,9728.18,6058.61,2976.76,3318.74,2947.45,2538.61,2007.29,112,121,100,83,123,106,91,72,83,92,90,97,258.13,225.8,172.71,319.43,647.01,300.08,288.06,338.76,202.81,146.35,332.88,126.72,118.18,111.74,167,160,125,123,147,121,123,125,139,129,117,164
4,681.5,443.55,106.06,76.99,1.54,6.04,2.81,2.27,2.41,1.14,0.88,577.02,723.9,1095.5,766.01,625.39,708.71,659.91,629.91,937.22,561.64,458,443.2,52,64,69,47,52,37,45,39,52,35,30,36,7.29,0.8,1.99,75.76,0.25,0.62,1.19,0.44,0.71,0.01,241.15,253.55,345.91,391.02,337.05,364.44,329.48,357.08,355.84,292,262.3,274.85,42.25,0.35,0.24,0.31,0.25,43.5,24.36,0.55,34.95,0.14,1432.37,2027.79,3072.85,1849.5,1714.63,1565.59,1477.05,1459.61,3030.67,1294.88,863.91,937.64,119.12,9.3,10.08,2.89,1.58,7.48,0.38,4.92,40.41,19.3,18.97,4.77,6.48,11.41,4.89,3.55,37.67,0,7.41,38.1,33.55,8.55,6.64,5.41,1.82,7.41,4.14,1.64,0.68,152.48,154.59,159.77,204.57,338.82,34.95,34.73,34.22,34.48,40.36,0.34,0.36,0.46,0.69,0.48,22.83,56.8,0,0,0,5304.64,4668.67,3868.99,1933.53,1102.81,77.48,68.68,58.51,51.24,38.52,11.96,8.72,4.36,2.39,12,34.92,27.42,6.33,4.65,11.89,77.66,53.5,5.48,206.88,0.68,72.07,0.46,25.65,64.78,0.17,0.04,108.8,71.51,0.23,188.59,374.29,60.71,288.25,0.24,0.05,0.04,45.59,29.03,78462.3,150.76,65054.3,87393.3,143005.2,87979.02,68672.44,80834.63,70956.83,69759.82,120027.9,58554.29,46706.72,44085.16,76,85,89,70,74,50,64,60,74,53,48,60,5416.81,177.34,2581.29,3234.82,8443.68,9653.42,11442.99,9722.03,6064.95,2978.09,3318.06,2947.18,2532.66,2006.26,112,120,100,83,122,106,91,72,83,92,90,97,257.72,225.75,172.76,319.49,646.63,299.5,286.85,337.92,202.62,146.19,332.13,126.39,117.75,111.59,167,160,125,123,147,121,123,125,139,129,116,164
6,675.49,437.9,107.47,77.54,1.54,6.21,2.89,2.32,2.44,1.18,0.91,571.63,719.96,1084.63,758.97,620.43,702.47,657.93,623.52,930.39,553.61,453.7,437.1,53,65,70,48,54,37,47,40,53,36,30,37,7.34,0.81,2,75.91,0.25,0.62,1.2,0.44,0.72,0.01,230.62,242.55,335.92,379.66,327.86,355.25,320.27,348.07,345.44,285.67,254.29,265.21,43.35,0.34,0.23,0.3,0.24,44.62,23.32,0.54,34.96,0.14,1425.61,2052.64,3057.04,1881,1782.28,1596.35,1520.45,1470.77,3212.76,1315.17,855.57,935.77,123.78,9.77,10.39,2.91,1.6,7.75,0.34,5.25,40.37,19.58,18.86,4.93,6.73,11.86,5.09,3.68,37.85,0,7.36,37.85,34.09,8.41,6.68,5.41,1.91,7.36,4.27,1.73,0.73,144.56,146.57,152.15,197.08,333.62,34.96,34.92,34.93,34.96,40.92,0.33,0.35,0.45,0.69,0.47,21.8,54.23,0,0,0,5597.65,4750.38,3870.37,1920.04,1094.15,80.66,68.95,59.25,51.32,38.62,12.78,8.84,4.38,2.37,11.75,34,27.1,6.42,4.24,11.93,75.44,48.8,5.48,206.75,0.68,71.67,0.44,24.61,64.92,0.17,0.04,112.4,74.95,0.24,191.48,399.78,62.78,314.8,0.25,0.05,0.04,43.14,28.67,72501.15,182.9,61742.37,85733.55,129033.4,77560.61,64492.43,72648.72,71454.37,62263.51,113050.8,49433.78,42791.57,41484.9,99,100,106,90,101,76,91,93,105,75,69,92,5374.46,177.82,2555.18,3222.09,8305.87,9595.43,11334.86,9677.49,6093.07,2976.43,3305.04,2909.03,2479.66,1965.69,112,120,100,83,122,106,92,72,84,92,88,96,253.03,228.29,168.96,315,635.21,294.62,280.7,328.92,200.47,144.46,330.03,123.3,114.44,107.49,167,162,126,124,149,119,122,127,139,128,114,164
4,675.16,437.9,107.88,77.68,1.54,6.27,2.91,2.35,2.45,1.18,0.92,571.54,721.16,1083.92,758.18,620.09,701.86,658.57,623.24,929.64,552.43,453.58,436.32,53,65,70,48,54,38,47,40,54,36,30,37,7.34,0.82,2,75.94,0.25,0.62,1.2,0.44,0.72,0.01,227.46,238.86,333.33,375.69,325.03,352.84,317.77,345.09,342.07,284.08,252.08,262.07,43.73,0.33,0.23,0.3,0.24,44.81,23,0.54,34.55,0.13,1426.58,2063.47,3085.83,1882.12,1785.88,1601.06,1525.74,1474.54,3280.36,1349.88,855.06,939.36,126.27,9.76,10.39,2.91,1.6,7.88,0.39,5.34,39.86,19.44,18.41,4.94,6.75,11.89,5.16,3.77,34.64,0,7.32,37.57,34.14,8.41,6.77,5.45,1.95,7.32,4.36,1.73,0.73,142.5,144.77,150.37,195.47,332.95,34.55,34.79,35.02,34.94,41.05,0.33,0.34,0.45,0.68,0.46,19.83,47.97,0,0,0,5691.22,4784.17,3871.23,1920.18,1093.9,83.04,70.34,59.22,51.3,38.63,13,8.84,4.38,2.37,11.69,34.02,26.75,6.35,4.18,11.97,73.57,48.8,5.48,206.75,0.68,71.53,0.44,24.64,64.97,0.17,0.03,112.4,74.95,0.24,191.53,408.2,63.52,324.07,0.25,0.05,0.04,43.59,29.3,72147.97,182.52,60448.39,84975.01,128949.4,77516.18,63942.35,72139.67,70604.33,62374.33,112402.6,49667.94,43131.59,41282.41,98,100,105,92,103,80,95,97,109,80,72,94,5370.14,177.75,2550.93,3234.58,8273.67,9574.97,11330.46,9664.64,6102.45,2979.31,3304.5,2903.35,2484.19,1966.08,112,120,100,83,122,106,92,72,84,92,88,96,253.76,228.8,170.14,317.91,635.67,294.93,281.13,328.88,200.87,144.77,332.06,123.3,115,107.94,167,162,126,124,149,120,122,128,140,128,114,164
8.5,651.69,423.78,106.88,76.92,1.54,6.28,2.93,2.35,2.44,1.19,0.92,551.99,691.69,1047.04,730.79,596.28,678.15,638.45,601.52,898.6,534.49,438.03,421.27,53,65,70,48,54,37,47,40,54,36,30,37,7.56,0.82,1.99,75.92,0.26,0.62,1.19,0.43,0.73,0.01,220.85,230.39,323.64,364.84,315.12,343,309.03,333.85,330.9,274.61,243.89,254.4,44.09,0.33,0.23,0.3,0.24,43.29,23,0.54,34.05,0.13,1364.68,1965.7,2935.71,1790.86,1684.94,1521.07,1473.38,1419.53,3169.57,1281.64,821.69,895.35,126.04,9.57,10.39,2.91,1.6,7.95,0.45,5.26,39.39,19.47,18.73,4.83,6.71,11.94,5.2,3.86,34.16,0,7.09,37.42,33.55,8.27,6.82,5.36,1.86,7.09,4.45,1.73,0.77,137.57,139.48,144.39,187.84,321.89,34.05,33.94,33.72,34.56,40.83,0.32,0.34,0.44,0.68,0.46,19.6,42.72,0,0,0,5401.19,4518.07,3690.66,1856.04,1055.72,84.14,70.45,59,51.65,38.84,12.75,8.71,4.38,2.38,12.19,33.81,26.62,6.34,4.39,12.33,72.58,48.57,5.41,206.75,0.67,71.3,0.42,24.64,64.97,0.17,0.03,112.4,74.95,0.23,182.9,408.38,60.46,331.96,0.25,0.05,0.04,43.23,30.44,67834.36,177.23,57671.74,79198.18,121782.3,72564.27,59656.46,68450.97,66457.91,58669.8,105210.9,46084.26,40625.77,39135.35,97,97,102,91,100,79,94,98,108,80,72,90,5174.41,177.19,2471.6,3115.49,7997.52,9168.24,10904.62,9157.66,5914.06,2878.27,3199.15,2851.09,2439.39,1920.94,111,120,99,82,122,106,93,73,83,93,88,95,247.72,229.05,166.17,310.31,624.29,286.67,273.61,321.88,196.58,140.62,323.07,119.76,111.84,105,167,163,126,125,149,120,123,128,140,129,114,164
5,626.67,407.53,106.67,77.67,1.54,6.58,3.03,2.43,2.48,1.22,0.96,532.26,664.46,1013.87,700.71,571.56,653.24,617.85,576.88,862.7,512.1,419.39,402.46,54,66,70,48,54,38,47,41,54,37,30,38,7.74,0.82,1.98,76.39,0.26,0.62,1.18,0.43,0.74,0.01,203.15,211.1,302.8,341.5,295.85,324.48,292.06,313.7,306.28,253.59,225.63,234.38,46.69,0.31,0.22,0.28,0.23,42.99,21.58,0.53,32.73,0.13,1310.01,1880.23,2799.55,1697.21,1598.76,1453.4,1417.32,1360.5,2987.46,1199.22,780.57,859.53,123.73,9.41,10.36,2.92,1.62,7.87,0.49,5.1,37.3,19.15,18.95,4.56,6.55,11.81,5.14,4.45,36.48,0,7.05,38.31,33.68,8.14,7.23,5.45,1.82,7.05,5.09,1.82,0.77,123.97,126.28,131.37,173.54,307.75,32.73,32.93,33.08,35.19,41.33,0.3,0.32,0.43,0.67,0.44,16.12,55.28,0,0,0,5046.33,4261.74,3521.07,1795.77,1017.84,83.44,70.32,58.67,51.96,39.12,12.38,8.64,4.41,2.38,12.49,33.34,25.22,6.27,4.54,12.52,66.35,48.55,5.55,206.62,0.66,70.32,0.42,25.03,65.07,0.17,0.04,113.72,74.98,0.23,166.17,407.85,58.72,313.26,0.26,0.05,0.05,49.32,24.58,64176.79,171.61,54853.09,74473.75,115767.5,68265.83,56010.18,65272.27,62759.05,55789.68,99243.35,43525.06,38398.07,37132.1,92,93,99,86,95,76,89,94,108,77,69,87,4989.06,177.26,2365.86,2986.46,7687.88,8878.83,10583.71,8909.58,5748.86,2775.03,3083.72,2701.24,2290.35,1785.28,110,120,99,82,121,106,93,73,83,93,86,93,231.94,228.54,155.96,292.05,594.82,264.27,252.3,297.69,184.38,130.54,305.11,112.55,104.13,96.2,168,162,125,123,148,120,121,128,140,129,114,163
7.5,624.19,403.65,106.97,78.12,1.55,6.68,3.08,2.47,2.5,1.24,0.97,531.02,662.94,1012.76,697.01,569.26,651.24,616.15,573.82,858.11,508.34,417.16,399.92,55,66,70,48,54,38,47,41,55,37,31,39,7.76,0.82,1.99,76.58,0.26,0.62,1.18,0.43,0.74,0.01,196.23,204.52,296.38,334.3,289.59,319.11,285.37,306.36,298.46,244.91,219.81,227.14,48.24,0.3,0.21,0.27,0.22,43.42,20.76,0.52,32.42,0.12,1305.93,1871.65,2784.83,1675.53,1583.67,1443.04,1401.68,1350.99,3005.4,1181.58,771.61,859.25,125.29,9.28,10.44,2.94,1.64,7.91,0.56,5.1,36.34,19.25,20.28,4.46,6.53,12.11,5.2,5.05,38.91,0,6.95,36.72,34.18,8.41,7.45,5.5,1.73,6.95,5.68,1.91,0.77,118.83,121.64,127.08,170.14,305.63,32.42,32.74,33.29,35.64,41.58,0.29,0.31,0.42,0.66,0.44,14.88,63.42,0,0,0,5029.18,4237.14,3507.35,1791.81,1014.82,86.08,70.27,58.53,51.97,39.15,12.46,8.69,4.44,2.38,12.06,33.3,24.25,6.31,4.94,12.64,52.74,48.55,5.55,206.62,0.66,69.9,0.42,37.25,57.35,0.17,0.04,113.72,74.98,0.23,162.47,415.24,58.8,326.79,0.26,0.06,0.05,49.86,21.3,63887.53,169.56,54679.85,74179.31,115387.6,67933.71,55705.65,64994.16,62439.13,55521.05,98845.72,43181.21,38175.7,36972.94,90,90,97,85,94,76,88,94,109,75,68,85,4993.79,176.99,2379.26,3001.25,7671.23,8877.7,10615.37,8923.85,5760.47,2772.47,3079.95,2697.18,2293.49,1782.02,110,119,99,83,121,106,93,73,84,94,86,93,233.19,228.59,158.26,295.69,597.41,264.65,253.56,298.53,185.25,130.79,306.12,112.79,105.04,97.06,167,161,125,124,147,121,121,129,142,130,114,164
4,597.3,376.45,108.77,81.04,1.59,7.11,3.22,2.53,2.68,1.32,1.01,514.05,645.27,984.89,662.21,543.7,622.36,586.79,539.38,815.07,480.05,397.51,384.08,57,67,72,50,56,40,49,43,56,39,32,42,7.98,0.85,2.06,77.55,0.29,0.61,1.2,0.44,0.75,0.01,181.21,188.99,270.44,303.2,266.67,297.67,260.1,277.4,271.63,222.32,202.15,209.19,48,0.3,0.2,0.27,0.21,43.69,20.15,0.51,32.74,0.12,1263.88,1829.79,2669.59,1578.84,1498.79,1365.78,1337.69,1275.62,2957.61,1122.06,740.89,852.69,128.37,9.09,10.63,3.11,1.67,8.06,0.8,5.06,34.55,20.26,20.26,4.29,6.55,11.89,5.07,5.27,38.46,0,7.64,37.38,36.77,9.09,8.23,5.64,1.86,7.64,5.86,1.77,0.73,110.08,112.67,117.97,159.1,290.64,32.74,33.07,33.26,35.96,42.05,0.29,0.31,0.42,0.66,0.44,14.76,65.86,0,0,0,4831.18,4066.12,3380.08,1731.93,976.74,93.16,72.07,58.66,52.3,39.4,12.83,8.98,4.6,2.39,11.69,35.48,21.69,6.52,4.71,11.59,50.4,49.82,5.71,206.62,0.65,69.36,0.5,29.28,61.23,0.17,0.04,113.96,74.97,0.23,169.56,404.58,56.32,344.78,0.25,0.07,0.05,52.18,24.66,58282.98,163.16,50850.76,67858.51,106391.5,61836.65,49990.89,58617.8,55915.36,50217.99,90355.91,40056.11,34367.51,34163.72,84,86,92,80,90,72,83,88,105,76,66,81,4666.15,178.65,2274.81,2898.37,7287.65,8291.19,9872.12,8249.44,5250.22,2521.56,2897.59,2546.42,2156.51,1687.63,111,119,99,84,119,108,93,75,87,96,87,95,220.43,232.35,152.86,287.62,577.23,244.73,236.08,277,171.15,118.7,288.82,106.48,98.29,92.97,169,162,127,125,149,123,125,131,145,132,115,168
3,88.53,47.39,140.72,96.99,1.87,11.95,5.2,3.67,3.45,1.92,1.43,80.31,94.94,137.7,90.62,76.11,91.17,91.27,95.68,124.5,62.27,62.63,56.21,81,84,90,72,71,66,73,79,86,68,62,71,6.7,1.02,2.41,78.23,0.31,0.67,1.4,0.38,0.96,0.09,17.02,17.81,24.02,28.4,22.87,28.62,23.36,27.46,27.02,20.88,19.64,20.54,59.17,0.24,0.14,0.22,0.15,54.05,13.95,0.34,43.11,0.09,295.84,381.14,514.99,319.19,278.2,305.03,340,422.37,488.68,231.43,173.11,190.11,112.75,20.99,17.41,3.77,1.96,9.18,-1.2,7.82,29.32,23.27,28.14,5.49,8.89,16.33,6.99,9.14,55.43,1,11.14,36.16,51.32,13.23,13.45,8.5,3.32,11.14,9.64,2.32,0.82,11.61,11.85,12.47,17.75,39.42,43.09,43.1,43.93,50.07,46.5,0.24,0.26,0.37,0.53,0.32,9.35,41.62,0,0,0,1021.36,821.2,607.57,252.64,145.93,48,48.56,48.6,46.42,38.71,21.55,12.82,5.33,2.44,7.35,24.94,13.03,5.86,3.95,7.91,40.52,37.25,2.29,217.43,0.45,50.57,0.4,30.77,55.98,0.18,0.01,296.5,76.9,0.28,54,271.08,14.58,259.42,0.21,0.21,0.11,68.45,19.89,12925.14,205.19,13046.05,16139.12,24624.7,11876.47,9845.15,12521.03,12116.6,13801.59,19314.59,7402.35,7136.23,7531.69,106,102,112,97,100,99,108,114,125,102,93,104,812.83,249.91,409.46,486.26,1067.53,1244.82,2089.42,1572.42,961.43,462.65,468.36,350.45,364.61,260.85,143,151,125,105,173,151,134,100,115,122,119,139,38.58,264.64,30.94,50.47,80.12,41.15,38.12,48.4,35.75,32.87,51.61,17.02,19.99,17.72,184,195,159,155,187,165,163,177,177,167,157,213
8,121.92,72.25,122.04,87.9,1.69,10.1,4.2,3.2,3.13,1.63,1.27,103.41,140.26,200.06,128.38,115.67,131.86,116.86,105.76,166.67,98.5,79.52,78.27,67,75,80,58,57,49,59,44,57,48,37,49,8.07,1.01,2.23,83.25,0.37,0.56,1.37,0.61,0.87,0.07,27.29,28.49,47.36,46.97,47.95,53.67,44.96,48.83,51.26,38.01,34.62,35.77,62.98,0.25,0.16,0.22,0.17,52.47,15.62,0.43,38.17,0.08,269.81,452.12,579.81,315.33,302.34,314.65,301.55,207.99,698.58,252.27,149.31,174.22,158.34,11,11.75,3.47,1.85,11.22,1.14,5.58,41.78,27.98,28.51,5.09,7.81,14.25,6.3,6.32,41.27,0,6.82,41.89,44,10.18,8,5.05,1.91,6.82,6.82,1.82,0.68,17.17,17.54,18.55,26.64,57.49,38.17,39.23,42.93,48.68,48.98,0.24,0.26,0.37,0.58,0.34,13.44,40.6,0,0,0,1183.16,951.06,768.69,364.26,201.94,112.41,83.13,65.28,54.95,42.36,16.38,10.64,5.04,2.53,12.54,29.47,22.36,8.4,5.21,12.66,50.77,59.82,5.52,193,0.51,55.76,0.57,23.37,60.14,0.17,0.02,129.97,74.47,0.24,29.57,547.51,13.12,451.49,0.31,0.08,0.07,40.77,23.22,11950.58,180.53,8896,14958.1,21421.87,12249.88,10833.66,13631.74,11081.38,8816.13,19554.33,9037.44,6748.19,6582.88,92,97,102,82,84,71,89,71,90,73,61,78,704.32,193.78,332.48,509.08,1295.47,1561.41,1286.34,1042.19,739.7,361.45,517.39,377.71,231.53,197.26,130,123,110,100,111,114,117,84,96,102,101,123,32.66,302.5,19.62,48.57,88.2,31.65,32.91,37.29,24.81,15.48,49.15,17.26,15.65,12.77,210,192,172,158,177,159,160,138,164,161,148,204
13,36.97,19.56,142.11,97.28,1.89,11.41,4.6,3.34,3.58,1.76,1.32,32.98,49.31,67.67,36.87,36.37,41.15,32.31,29.5,46.95,26.17,21.24,24.14,75,79,92,67,61,54,59,46,64,50,40,58,8.36,1.1,2.35,91.27,0.36,0.47,1.79,0.73,0.98,0.12,7.65,8.63,12.82,12.63,14.3,15.58,12.93,13.92,13.52,9.83,9.25,9.56,62.69,0.27,0.15,0.23,0.16,65.42,15.42,0.38,56.12,0.07,96.44,176.59,221.95,99.63,103.37,118.32,87.4,64.27,255.99,79.3,43.99,70.11,176.94,13.93,16.33,3.92,1.88,14.23,0.9,5.96,43.99,30.16,36.91,6.03,8.97,16.7,7.25,7.18,52.91,14.5,8.73,43.19,50.14,14.27,9.23,6.82,2.64,8.73,7.82,2.05,0.59,5.05,5.15,5.36,7.68,15.84,56.16,55.96,55.67,61.86,54.06,0.26,0.27,0.39,0.56,0.34,10.89,54.01,0,0,0,457.91,355.01,269.43,115.99,63.39,116.51,79.99,64.89,57.71,45.57,23.41,13.78,5.93,2.72,9.67,30.37,22.37,7.06,5.28,9.91,56.7,62.32,5.25,185.12,0.37,43.94,0.68,5.93,62.97,0.17,0.01,118.31,76.07,0.24,17.02,462.71,4.6,586.23,0.21,0.13,0.07,64.45,20.88,3669.78,199.62,3210.83,5297.65,7264.77,3613.88,3421.05,4042.29,2992.5,2641.19,5423.72,2353.85,1781.76,2142.3,96,94,110,90,81,71,81,63,90,70,57,80,210.47,205.21,115.78,172.03,422.53,472.19,402.68,302.97,204.63,87.67,136.71,95,54.04,59.96,151,134,124,114,120,119,116,102,122,125,126,151,10.41,320.3,6.76,17.35,29.38,9.41,10.06,11.44,7.48,4.95,14.61,4.82,4.53,4.68,213,193,183,174,193,181,187,167,184,184,164,214
5.5,67.04,30.81,164.28,119.01,2.18,23.35,7.74,5.18,4.48,2.31,1.77,65.19,87.8,142.17,69.55,61.79,77.32,54.2,39.86,82.36,42.76,37.92,45.33,88,94,93,74,79,73,83,64,76,74,60,81,16.65,1.47,3.01,107.99,0.51,0.53,2.01,0.69,1.09,0.12,8.55,9.67,21.75,17.73,16.96,16.68,12.71,11.01,14.06,9.38,10.03,13.08,87,0.11,0.06,0.09,0.07,115.88,5.65,0.28,69.37,0.03,219.58,326.35,425.27,215.48,202.3,244.17,192.62,109.54,525.36,141.52,98.98,158.09,232.89,19.05,18.64,4.68,2.2,12.67,1.12,7.6,62.07,48.02,37,8.48,11.76,16.27,10.01,5.91,32.58,23.62,7.82,39.4,61.23,21.82,8.68,6.32,4.32,7.82,6.27,1.91,0.64,3.11,3.21,3.52,7.31,24.46,69.27,69.47,69.67,69.21,50.64,0.1,0.11,0.24,0.42,0.2,14.94,33.29,0,0,0,936.66,690.1,559.11,240.06,124.68,177.86,107.28,75.7,66.83,49.67,30.4,18.15,7.79,2.77,10.84,29.43,19.79,9.91,5.21,11,46,54.64,5.25,171.88,0.32,40.84,0.48,5.8,61.09,0.17,0.02,79.81,59.36,0.24,24.93,731.25,10.35,896.07,0.29,0.12,0.1,37.5,25.85,8286.8,263.74,7426.68,11776.2,18247.04,8051.94,7940.89,9232.84,6588.55,4106.03,13210.98,4324.37,3998.31,4886.68,120,121,122,110,112,100,118,94,114,104,89,122,659.04,169.29,497.35,558.14,1125.54,1152.94,1237.95,964.43,371.3,160.41,318.92,473.12,550.09,500.75,113,124,96,95,113,118,112,106,110,130,108,113,57.25,271.91,46.91,84.27,151.13,55.9,80.33,83.66,37.47,16.49,59.28,22.06,23.02,28.63,161,168,132,143,167,161,174,160,170,167,150,182
3,0.39,0.32,83.78,54.53,1.22,5.15,2.97,2.42,1.66,1.08,0.89,0.22,0.3,0.38,0.43,0.49,0.51,0.49,0.41,0.47,0.35,0.31,0.26,33,64,64,28,21,14,17,12,27,20,22,24,7.18,0.82,1.58,65.11,0.16,0.41,1.1,0.47,0.84,-0.04,0.18,0.16,0.2,0.33,0.42,0.44,0.41,0.35,0.3,0.28,0.24,0.21,61.47,0.35,0.32,0.31,0.33,50.85,32.26,0.83,54.37,0.13,0.49,1.43,1.36,0.75,0.85,0.82,1.05,0.56,1.7,0.68,0.44,0.47,217.11,5.52,4,2.06,1.51,137.83,0.37,4.41,23.27,10.36,19.29,3.61,8.62,19.19,4.6,4.55,70.14,0,5.23,55.99,6.91,1.32,6.41,2.41,0.68,5.23,5.14,2.5,0.5,0.12,0.12,0.12,0.14,0.19,53.78,53.97,54.55,47.92,40.25,0.37,0.37,0.43,0.62,0.4,17.19,79.12,0,0,0,4.11,2.77,1.66,0.81,0.61,132.34,121.05,99.22,61.03,41.55,12.72,5.14,2.51,2.22,12.05,125.98,33.26,2.91,1.82,19.16,97.58,65.25,2.88,209.38,0.71,71.19,0.55,30.42,50.77,0.17,0.01,122.76,70.51,0.25,0.11,707.45,0.03,733.48,0.21,0.02,0.02,69.32,20.14,0.6,1309.88,0.2,1.73,1.22,0.18,0.32,0.33,0.75,0.11,1.91,0.34,0.04,0.16,541,460,489,530,557,512,557,557,535,557,503,557,0.28,362.42,0.08,0.45,0.7,0.55,0.31,0.2,0.18,0.1,0.42,0.18,0.14,0.12,196,155,195,133,139,126,153,132,155,147,146,177,0.03,359.67,0.01,0.03,0.06,0.04,0.03,0.02,0.02,0.01,0.05,0.02,0.03,0.01,397,326,300,242,262,239,266,219,230,240,232,297
7,88.32,49.97,130.6,91.63,1.77,10.88,4.42,3.3,3.4,1.72,1.32,75.37,104.63,144.33,93.13,85.05,93.49,81.29,79.83,119.59,69.72,57.87,57.36,71,76,85,63,62,52,60,50,67,52,41,54,9.25,1.08,2.33,84.8,0.34,0.56,1.47,0.58,0.92,0.06,17.88,19.25,30.88,31.81,31.65,35.85,28.49,33.65,33.82,24.91,23.82,23.71,62.55,0.24,0.15,0.24,0.16,50.76,15.13,0.39,41.28,0.08,210.02,346.82,444.95,241.31,235.46,231.45,205.51,175.26,610.09,204.06,116.3,139.3,191.88,12.04,13.58,3.75,1.89,12.13,1.39,6.44,39.02,27.16,30.53,5.36,8.12,15.47,6.63,7.5,43.89,0,8.09,42.11,46.91,11.09,9.27,6.05,2.18,8.09,8,1.95,0.77,12.18,12.41,13.02,18.77,40.68,41.29,41.84,44.04,52.48,51.68,0.24,0.26,0.38,0.57,0.34,10.65,42.74,0,0,0,1003.2,768.63,592.81,259.65,145.13,141.13,91.58,70.85,53.58,41.13,20.08,11.86,5.2,2.66,10.7,26.02,19.15,7.54,5.18,10.75,46.84,56.09,3.75,182.38,0.47,52.45,0.61,23.71,60.32,0.17,0.02,130.55,71.16,0.24,26.83,616.82,10.59,703.62,0.28,0.11,0.08,50.32,22.96,5641.43,200.26,4488.04,7327.97,9772.05,5561.35,4988.07,5725.16,5019.31,4592.43,9661.02,4276.71,3263.9,3221.91,86,89,99,79,81,68,82,65,96,74,57,73,509.06,197.46,239.58,359.29,932,1147.01,981.89,735.1,537.78,258.33,364.6,257.17,155.08,139.55,135,126,114,104,113,120,119,96,111,106,100,129,23.98,316.4,14.99,36.65,63.34,22.85,24.14,25.22,17.09,12.15,37.7,12.91,12.15,9.7,210,196,180,163,189,162,168,154,180,173,154,212
5.5,289.7,158.28,128.61,97.27,1.83,9.47,3.73,2.76,3.52,1.57,1.14,269.95,354.3,541.83,312.65,257.91,310.8,268.98,210.62,375.46,219.14,171.17,189.62,66,76,80,55,54,46,56,34,50,40,32,43,11.57,1.11,2.49,91.96,0.4,0.54,1.33,0.62,1,0.04,87.34,88.83,129.12,128.7,122.05,128.46,113.68,114.21,115.61,93.06,88.41,99.33,52.86,0.28,0.17,0.26,0.18,55.56,16.91,0.47,40.7,0.08,726.74,1101.24,1473.54,757.78,633.08,698.62,721.52,387.53,1734.7,503.32,339.76,420.43,198.22,10.67,12.89,3.94,1.79,10.11,1.65,5.44,60.43,36.38,30.97,6.45,8.67,13.76,7.32,3.82,38.45,0,6.14,41.26,47.68,14.27,6.32,5.05,2.32,6.14,4.36,1.55,0.91,43.15,43.69,45.11,62.87,127.22,40.7,40.53,39.73,44.16,44.25,0.27,0.29,0.4,0.65,0.42,19.42,58.21,0,0,0,2848.6,2279.19,1899.02,940.44,505.18,157.9,103.09,75.42,61.26,46.23,18,12,5.94,2.64,13.83,30.84,28.61,9.37,6.62,13.97,64.26,43.86,7.19,161,0.59,62.92,0.45,27.06,67.48,0.17,0.02,96.03,61.17,0.23,71.19,715.09,28.73,769.09,0.29,0.05,0.04,33.77,33.64,25097.49,190.05,22962.49,33009.48,50381.26,26536.04,20509.56,25866.88,22463.52,16310.09,39485.29,16575.25,12935.63,14970.12,86,91,97,75,73,59,82,52,70,55,47,67,2126.86,171.29,1282.49,1646.18,4038.88,4343.09,3787.83,3024.41,1742.67,759.16,1300.23,1404,1196.41,998.64,113,115,103,97,112,110,105,75,84,116,111,102,128.08,273.35,94.7,190.34,371.11,130.5,137.66,160.5,91.05,42.66,164.76,56.51,48.39,54.03,177,165,131,134,151,143,149,128,148,149,137,169
9,79.52,44.36,127.99,92.21,1.79,11.14,4.87,3.51,3.46,1.89,1.41,60.29,79.36,109.37,90.48,77.81,79.05,79.58,84.21,114.48,67.64,61.73,51.09,70,74,84,71,81,67,82,74,86,72,60,64,9.3,0.89,2.1,76.41,0.24,0.69,1.3,0.39,0.78,0.05,15.51,16.53,23.83,27.52,23.29,25.78,20.58,25.12,25.42,20.38,20.49,19.59,52.14,0.25,0.15,0.24,0.16,51.99,15.03,0.34,39.15,0.1,175.72,266.68,351.9,298.82,293.52,260.77,274.48,281.97,561.62,230.93,172.63,153.72,145.51,14.49,13.36,3.8,1.98,10,1.33,7.59,25.39,17.87,15.83,4.95,7.66,12.56,6.19,8.95,42.14,0,12.23,32.9,51.45,11.68,14.27,9.32,4.05,12.23,9.41,2.05,0.64,11.16,11.38,11.91,17.07,38.91,39.17,39.88,41.93,51.06,45.51,0.25,0.27,0.38,0.56,0.34,9.33,32.85,0,0,0,864.94,664.96,497.2,221.38,125.36,126.3,85.12,76.19,52.97,35.78,19.5,11.21,4.99,2.31,7.39,30.84,12.53,5.37,2.89,7.25,38.77,63,4.15,192.62,0.46,51.53,0.5,27.4,61.13,0.17,0.04,156.83,66.14,0.24,53.44,326.06,12.04,464.67,0.18,0.23,0.1,67.77,22.78,10033.62,202.28,7892.98,11070.76,16310.95,11078.51,9532.49,9414.32,9387.98,9560.15,16154.3,7698,6680.95,5815.81,100,97,112,105,121,101,122,114,130,115,94,101,436.3,216.18,186.99,247.95,563.21,750.95,944.09,707.41,597.89,328.45,339.06,221,196.91,143.22,138,136,119,105,149,128,121,100,110,112,105,145,20.13,259.41,12.25,23.09,38.26,24.76,24.03,23.84,17.33,15.59,28.38,11.84,13.13,9.69,193,188,166,149,187,160,165,157,166,160,139,215
9,24.2,12.05,154.18,104.12,2.01,12.5,4.95,3.57,3.98,1.93,1.4,21.84,33.52,44.18,25,24.48,25.36,19.82,20.05,30.37,16.91,13.52,16.13,77,78,96,71,66,50,51,48,62,47,34,60,12.93,1.24,2.66,100.04,0.43,0.45,1.91,0.72,1.12,0.11,4.91,5.62,7.64,7.8,9.48,9.51,8.54,9.02,8.12,6.54,6.32,6.27,62.46,0.29,0.16,0.28,0.17,63.08,16.03,0.37,64.56,0.07,65.37,124.5,160.7,70.79,76.05,72.04,46.71,45.14,189.97,54.59,25.52,48.38,241.86,17.93,15.77,4.33,1.94,16.22,1.07,6.77,59.73,38.75,44.27,8.21,10.73,19.14,9.01,5.14,50.37,12.33,7.77,47.13,55.05,16.77,7.59,6.27,2.68,7.77,5.73,2.09,0.59,3.51,3.56,3.68,4.95,9.9,64.48,64.21,63.76,66.24,60.9,0.29,0.31,0.41,0.54,0.35,14.5,74.31,0,0,0,359.13,264.56,191.89,76.44,41.42,158.95,109.32,85.37,63.23,47.38,29.8,15.92,6.34,2.91,10.41,33.73,30.19,8.68,6.13,11.25,74.83,64.68,3.04,192.62,0.3,38.08,0.69,11.16,52.11,0.17,0.02,123.55,71.78,0.24,10.01,712.69,3.18,888.2,0.24,0.06,0.06,42.5,23.89,3045.03,312.26,2003.77,4371.82,7388.32,2900.99,3330.03,2701.9,2346.56,1699.13,4321.17,3021.76,1137.67,1397.39,133,125,151,135,132,106,108,98,134,90,80,125,124.29,234.13,60.31,105.6,236.49,280.28,234.21,170.04,139.18,56.93,85.22,57.87,28.27,37.53,154,139,129,116,123,113,118,110,125,117,106,143,5.7,370.38,3.49,10.12,17.08,5.4,4.96,4.85,3.54,2.93,8.88,2.65,2.42,2.47,233,208,202,190,217,191,200,200,198,208,177,224
7,23.32,16.04,105.6,64.64,1.45,4.49,2.27,1.9,1.98,0.88,0.67,22.06,27.32,35.65,23.54,21.67,21.92,21.46,21.81,28.63,18.79,18.41,18.87,57,65,75,50,46,34,37,41,49,28,26,41,6.41,0.7,1.53,62.95,0.19,0.59,1.26,0.38,0.71,0.07,10.32,9.95,11.52,12.44,13.27,14.07,13.37,13.64,13.16,12.55,12.19,12.1,32.01,0.52,0.37,0.51,0.38,31.81,37.05,0.58,33.31,0.21,60.69,86.58,112.25,62.28,60.08,49.07,51.59,57.11,118.79,47.64,31.85,45.74,152.93,9.06,9.34,2.55,1.41,13.91,0.78,5.63,25.09,15.3,18.58,4.39,6.92,13.35,4.3,4.68,61.97,0,10.68,44.79,26.82,5.91,8.59,5.41,1.68,10.68,5.14,2.18,0.68,8.42,8.48,8.63,9.98,14.19,33.32,33.66,34.23,38.32,34.2,0.53,0.54,0.62,0.74,0.57,14.37,59.33,0,0,0,221.42,178.3,132.52,56.25,34.81,115.67,78.77,64.61,45.45,32.18,13.81,8.26,3.51,2.16,8.56,24.48,27.43,5.25,3.49,8.27,78.36,50.52,4.29,170,0.52,57.57,0.57,14.65,58.37,0.18,0.04,65.13,72.26,0.24,8.51,441.49,2.34,559.99,0.22,0.05,0.03,61.36,28.15,1793.37,192.87,1489.94,2424.36,3155.5,1849.26,1680.29,1621.39,1650.52,1542.91,2646.02,1286.28,1161.79,1070.76,103,106,116,87,79,63,71,74,91,66,63,82,48.05,237.55,21.78,48.93,96.18,101.91,85.22,62.92,41.88,19.11,36.56,27.61,16.62,18.79,216,218,153,131,144,144,146,156,167,153,146,203,3.34,324.64,1.78,4.16,7.88,4.09,3.03,2.74,2.83,2.47,5.16,2.09,2.36,1.53,255,261,205,190,233,208,207,209,211,208,187,247
3,5.53,3.41,145.82,74.99,1.62,6.75,3.12,2.48,2.35,1.19,0.94,5.01,6.59,9.21,5.88,5.29,5.48,5.49,5.23,6.99,3.64,3.74,3.94,84,87,100,64,52,42,45,52,60,33,39,61,5.77,0.87,2.01,75.62,0.23,0.52,1.38,0.33,1.16,0.08,1.78,1.77,1.98,2.75,3.04,3.25,2.97,2.79,2.55,2.35,2.19,2.14,50.48,0.39,0.26,0.35,0.27,49.91,25.82,0.49,56.67,0.13,23.61,33.21,42.15,19.23,17.96,16.57,22.27,22.33,30.36,10.56,9.98,13.76,135.07,23.48,16.44,2.75,1.58,15.58,-1.43,7.3,40.05,24.93,23.25,7.81,11.46,16.56,8.05,5,66.76,0,8.73,39.25,30.59,9.55,7.45,5.77,3.5,8.73,5.45,2.68,0.55,1.43,1.45,1.49,1.78,2.8,56.53,56.71,57.39,59.44,46.43,0.42,0.44,0.52,0.63,0.41,13.96,64.18,0,0,0,77.8,58.53,39.71,15.27,9.2,54.88,51.14,53.39,50.5,40.27,22.78,11.63,4.47,2.46,9.21,42.89,33.39,5.37,2.61,10.02,85.84,60.23,2.31,194.88,0.17,28.17,0.42,0.85,58.52,0.17,0.01,22.95,70.71,0.35,2.9,353.18,0.91,423.05,0.24,0.05,0.04,55.95,24.73,694.17,330.06,666.94,1095.9,1586.92,621.91,530.7,530.35,606.9,525.91,1128.51,318.13,333.52,414.34,176,166,189,151,117,107,114,109,132,82,96,141,10.21,311.19,5.59,16.44,22.93,22.12,14.67,6.04,5.08,3.67,9.71,8.06,3.21,5.51,239,209,177,142,159,156,169,180,182,159,151,217,0.67,385.66,0.37,0.84,1.73,0.89,0.5,0.53,0.58,0.47,0.99,0.33,0.46,0.34,297,258,249,232,277,268,260,271,259,253,242,311
6,5.13,3.63,113.66,57.69,1.41,3.81,2.29,1.96,1.55,0.86,0.69,4.57,5.43,6.96,5.04,4.62,5.06,5.43,5.29,6.48,4.14,4.41,4.22,68,74,87,57,49,47,54,58,63,37,46,52,3.98,0.61,1.44,55.13,0.14,0.69,1.03,0.18,0.81,0.04,2.27,2.14,2.23,2.68,2.79,3.01,2.95,2.98,2.88,2.81,2.71,2.63,36.34,0.5,0.36,0.48,0.38,31.02,36.32,0.57,38.57,0.25,17.9,23.22,28.47,15.78,15.43,16.06,22.62,20.06,25.18,11.22,12.89,12.97,107.32,14.5,10.87,2.1,1.41,14.5,-0.44,7.44,16.35,10.72,11.8,4.29,7.29,12.49,4.58,7.14,64.18,0,14.41,37.2,20.82,7.82,12.36,7.86,3.09,14.41,7.68,3.05,0.77,1.86,1.88,1.94,2.27,3.31,38.61,38.66,38.64,38.67,32.65,0.51,0.53,0.62,0.72,0.55,12,58.01,0,0,0,55.5,42.02,28.53,11.53,7.49,57.98,48.01,48.16,42.85,32.57,15.27,7.85,3.17,2,5.64,33.97,20.41,2.69,2.44,6.11,69.39,54.02,2.36,271.86,0.25,34.65,0.5,348.71,65.96,0.17,0.01,4.93,77.59,0.25,3.3,267.02,0.79,327.39,0.19,0.11,0.05,77.5,23.7,298.47,295.62,245.82,359.47,516.96,256.99,252.98,278.74,378.5,291.74,468.73,164.16,193.4,179.57,172,167,190,153,144,143,165,170,184,134,152,159,10.31,294.73,5.41,14.6,17.98,17.96,15.95,9.57,8.55,5.27,11.65,7.9,3.88,5.48,264,221,182,149,203,183,176,202,210,196,202,251,0.67,298.42,0.31,0.6,1.2,0.85,0.59,0.72,0.74,0.64,1,0.44,0.57,0.35,312,273,223,217,259,245,248,254,240,236,236,302
12,8.74,6.83,87.91,50.03,1.28,3.52,2.19,1.87,1.36,0.79,0.62,7.94,8.92,12.02,8.86,8.29,8.72,8.93,9.05,10.61,7.23,7.18,7.18,50,57,66,40,34,30,33,37,41,24,26,36,3.71,0.62,1.36,53.48,0.14,0.62,1.02,0.21,0.84,0.02,4.33,4.14,4.66,5.6,5.78,6.1,5.8,5.78,5.58,5.32,5.02,5.11,36.84,0.5,0.4,0.47,0.41,30.65,39.92,0.66,40.18,0.25,21.64,27.34,36.72,19.02,18.9,19.18,22.51,22.5,26.5,14.29,12.79,16.37,102.31,8.39,8.43,1.9,1.34,10.87,-0.63,4.34,24.08,13.63,10.36,3.7,6.55,9.8,4.23,4.5,60.47,0,7,38.43,15.45,5.36,6.59,3.86,1.41,7,4.91,2.27,0.68,3.52,3.55,3.64,4.16,5.65,40.14,40.39,40.99,39.87,35.17,0.52,0.53,0.61,0.72,0.54,15.57,63.93,0,0,0,61.75,54.38,43.56,19.26,12.67,43.54,41.69,46.99,43.28,33.03,9.04,6.37,2.82,2.03,10.08,57.65,38.36,3.99,3.22,12.77,85.58,57.05,4.58,201.29,0.39,45.88,0.43,359.62,60.4,0.17,0.04,21.61,73.9,0.33,2.14,350.88,0.73,310.63,0.25,0.02,0.03,42.77,28.36,670.44,208.4,666.8,967.13,1345.73,700.98,662.08,588.66,716.42,508.98,771.57,388.55,362.55,383.49,122,124,137,107,95,107,118,119,129,88,109,130,13.81,275.86,7.03,19.78,28.85,26.66,21.13,11.36,9.55,6.18,13.76,10.79,4.39,6.77,253,211,169,132,177,169,153,164,172,162,165,228,0.83,300.03,0.41,0.86,1.85,1.11,0.68,0.81,0.79,0.72,1.15,0.54,0.64,0.44,284,266,216,208,250,236,230,234,218,222,214,287
